Sl no,Student id,Name,Branch,Group,Slot 1,Slot 2,Slot 3,Venue
1,1RV26AIML001,Aditi Pawar,AIML,A,9:15 AM - 10:30 AM,10:30 AM - 11:00 AM,11:00 AM - 11:45 AM,ece
2,1RV26AIML002,Anirudh Das,AIML,A,9:15 AM - 10:30 AM,10:30 AM - 11:00 AM,11:00 AM - 11:45 AM,ece
3,1RV26AIML003,Ishita Mishra,AIML,B,9:15 AM - 10:30 AM,,,civil
4,1RV26AIML004,Divya Kulkarni,AIML,B,9:15 AM - 10:30 AM,,,civil
5,1RV26AIML005,Anirudh Bhat,AIML,B,9:15 AM - 10:30 AM,,,civil
6,1RV26AIML006,Vishal Shetty,AIML,A,9:15 AM - 10:30 AM,10:30 AM - 11:00 AM,11:00 AM - 11:45 AM,ece
7,1RV26AIML007,Tanvi Kumar,AIML,A,9:15 AM - 10:30 AM,10:30 AM - 11:00 AM,11:00 AM - 11:45 AM,ece
8,1RV26AIML008,Lakshmi Desai,AIML,A,9:15 AM - 10:30 AM,10:30 AM - 11:00 AM,11:00 AM - 11:45 AM,ece
9,1RV26AIML009,Rachana Mehta,AIML,A,9:15 AM - 10:30 AM,10:30 AM - 11:00 AM,11:00 AM - 11:45 AM,ece
10,1RV26AIML010,Siddharth Nair,AIML,A,9:15 AM - 10:30 AM,10:30 AM - 11:00 AM,11:00 AM - 11:45 AM,ece
11,1RV26AIML011,Sneha Hegde,AIML,B,9:15 AM - 10:30 AM,,,civil
12,1RV26AIML012,Ritika Gowda,AIML,A,9:15 AM - 10:30 AM,10:30 AM - 11:00 AM,11:00 AM - 11:45 AM,ece
13,1RV26AIML013,Anirudh Desai,AIML,A,9:15 AM - 10:30 AM,10:30 AM - 11:00 AM,11:00 AM - 11:45 AM,ece
14,1RV26AIML014,Divya Patil,AIML,B,9:15 AM - 10:30 AM,,,civil
15,1RV26AIML015,Aryan Gupta,AIML,A,9:15 AM - 10:30 AM,10:30 AM - 11:00 AM,11:00 AM - 11:45 AM,ece
16,1RV26AIML016,Aman Menon,AIML,A,9:15 AM - 10:30 AM,10:30 AM - 11:00 AM,11:00 AM - 11:45 AM,ece
17,1RV26AIML017,Nandini Bhat,AIML,B,9:15 AM - 10:30 AM,,,civil
18,1RV26AIML018,Priya Hegde,AIML,A,9:15 AM - 10:30 AM,10:30 AM - 11:00 AM,11:00 AM - 11:45 AM,ece
19,1RV26AIML019,Aarav Das,AIML,B,9:15 AM - 10:30 AM,,,civil
20,1RV26AIML020,Rachana Rao,AIML,A,9:15 AM - 10:30 AM,10:30 AM - 11:00 AM,11:00 AM - 11:45 AM,ece
21,1RV26AIML021,Charvi Pawar,AIML,B,9:15 AM - 10:30 AM,,,civil
22,1RV26AIML022,Shashank Desai,AIML,B,9:15 AM - 10:30 AM,,,civil
23,1RV26AIML023,Pooja Shetty,AIML,B,9:15 AM - 10:30 AM,,,civil
24,1RV26AIML024,Nisha Shetty,AIML,B,9:15 AM - 10:30 AM,,,civil
25,1RV26AIML025,Sneha Das,AIML,A,9:15 AM - 10:30 AM,10:30 AM - 11:00 AM,11:00 AM - 11:45 AM,ece
26,1RV26AIML026,Dhruv Verma,AIML,A,9:15 AM - 10:30 AM,10:30 AM - 11:00 AM,11:00 AM - 11:45 AM,ece
27,1RV26AIML027,Manya Sharma,AIML,B,9:15 AM - 10:30 AM,,,civil
28,1RV26AIML028,Sai Reddy,AIML,A,9:15 AM - 10:30 AM,10:30 AM - 11:00 AM,11:00 AM - 11:45 AM,ece
29,1RV26AIML029,Tejas Iyer,AIML,B,9:15 AM - 10:30 AM,,,civil
30,1RV26AIML030,Aditi Das,AIML,B,9:15 AM - 10:30 AM,,,civil
31,1RV26AIML031,Riya Yadav,AIML,A,9:15 AM - 10:30 AM,10:30 AM - 11:00 AM,11:00 AM - 11:45 AM,ece
32,1RV26AIML032,Vivek Mehta,AIML,B,9:15 AM - 10:30 AM,,,civil
33,1RV26AIML033,Aman Menon,AIML,B,9:15 AM - 10:30 AM,,,civil
34,1RV26AIML034,Sanjana Patil,AIML,A,9:15 AM - 10:30 AM,10:30 AM - 11:00 AM,11:00 AM - 11:45 AM,ece
35,1RV26AIML035,Anika Kapoor,AIML,B,9:15 AM - 10:30 AM,,,chemical
36,1RV26AIML036,Aditi Gowda,AIML,B,9:15 AM - 10:30 AM,,,chemical
37,1RV26AIML037,Dhruv Kulkarni,AIML,A,9:15 AM - 10:30 AM,10:30 AM - 11:00 AM,11:00 AM - 11:45 AM,ece
38,1RV26AIML038,Anjali Shetty,AIML,B,9:15 AM - 10:30 AM,,,chemical
39,1RV26AIML039,Yash Iyer,AIML,B,9:15 AM - 10:30 AM,,,civil
40,1RV26AIML040,Aditi Reddy,AIML,A,9:15 AM - 10:30 AM,10:30 AM - 11:00 AM,11:00 AM - 11:45 AM,ece
41,1RV26AIML041,Madhav Soni,AIML,A,9:15 AM - 10:30 AM,10:30 AM - 11:00 AM,11:00 AM - 11:45 AM,ece
42,1RV26AIML042,Arjun Nair,AIML,B,9:15 AM - 10:30 AM,,,civil
43,1RV26AIML043,Divya Singh,AIML,B,9:15 AM - 10:30 AM,,,chemical
44,1RV26AIML044,Ishita Singh,AIML,A,9:15 AM - 10:30 AM,10:30 AM - 11:00 AM,11:00 AM - 11:45 AM,ete
45,1RV26AIML045,Rahul Pawar,AIML,A,9:15 AM - 10:30 AM,10:30 AM - 11:00 AM,11:00 AM - 11:45 AM,ece
46,1RV26AIML046,Harini Singh,AIML,A,9:15 AM - 10:30 AM,10:30 AM - 11:00 AM,11:00 AM - 11:45 AM,ete
47,1RV26AIML047,Priya Gowda,AIML,A,9:15 AM - 10:30 AM,10:30 AM - 11:00 AM,11:00 AM - 11:45 AM,ete
48,1RV26AIML048,Vivek Mehta,AIML,A,9:15 AM - 10:30 AM,10:30 AM - 11:00 AM,11:00 AM - 11:45 AM,ete
49,1RV26AIML049,Vaishnavi Gowda,AIML,B,9:15 AM - 10:30 AM,,,chemical
50,1RV26AIML050,Harini Mishra,AIML,B,9:15 AM - 10:30 AM,,,chemical
51,1RV26AIML051,Vaishnavi Das,AIML,A,9:15 AM - 10:30 AM,10:30 AM - 11:00 AM,11:00 AM - 11:45 AM,ete
52,1RV26AIML052,Harsh Jain,AIML,A,9:15 AM - 10:30 AM,10:30 AM - 11:00 AM,11:00 AM - 11:45 AM,ete
53,1RV26AIML053,Sneha Bhat,AIML,A,9:15 AM - 10:30 AM,10:30 AM - 11:00 AM,11:00 AM - 11:45 AM,ete
54,1RV26AIML054,Krishna Verma,AIML,A,9:15 AM - 10:30 AM,10:30 AM - 11:00 AM,11:00 AM - 11:45 AM,ete
55,1RV26AIML055,Shashank Verma,AIML,B,9:15 AM - 10:30 AM,,,civil
56,1RV26AIML056,Aryan Nair,AIML,B,9:15 AM - 10:30 AM,,,civil
57,1RV26AIML057,Siddharth Soni,AIML,A,9:15 AM - 10:30 AM,10:30 AM - 11:00 AM,11:00 AM - 11:45 AM,ete
58,1RV26AIML058,Pragya Verma,AIML,B,9:15 AM - 10:30 AM,,,mca
59,1RV26AIML059,Rachana Gowda,AIML,A,9:15 AM - 10:30 AM,10:30 AM - 11:00 AM,11:00 AM - 11:45 AM,ete
60,1RV26AIML060,Krishna Gowda,AIML,A,9:15 AM - 10:30 AM,10:30 AM - 11:00 AM,11:00 AM - 11:45 AM,ete
61,1RV26AIML061,Priya Mishra,AIML,B,9:15 AM - 10:30 AM,,,mca
62,1RV26AIML062,Dev Joshi,AIML,B,9:15 AM - 10:30 AM,,,chemical
63,1RV26AIML063,Aditi Nair,AIML,A,9:15 AM - 10:30 AM,10:30 AM - 11:00 AM,11:00 AM - 11:45 AM,ise
64,1RV26AIML064,Anika Bhat,AIML,A,9:15 AM - 10:30 AM,10:30 AM - 11:00 AM,11:00 AM - 11:45 AM,ise
65,1RV26AIML065,Varun Sharma,AIML,B,9:15 AM - 10:30 AM,,,chemical
66,1RV26AIML066,Varun Kumar,AIML,A,9:15 AM - 10:30 AM,10:30 AM - 11:00 AM,11:00 AM - 11:45 AM,ete
67,1RV26AIML067,Aditi Soni,AIML,B,9:15 AM - 10:30 AM,,,mca
68,1RV26AIML068,Vaishnavi Verma,AIML,B,9:15 AM - 10:30 AM,,,mca
69,1RV26AIML069,Yash Pawar,AIML,B,9:15 AM - 10:30 AM,,,chemical
70,1RV26AIML070,Ishan Bhat,AIML,A,9:15 AM - 10:30 AM,10:30 AM - 11:00 AM,11:00 AM - 11:45 AM,ise
71,1RV26AIML071,Tejas Yadav,AIML,B,9:15 AM - 10:30 AM,,,chemical
72,1RV26AIML072,Vihaan Hegde,AIML,B,9:15 AM - 10:30 AM,,,chemical
73,1RV26AIML073,Rishi Singh,AIML,A,9:15 AM - 10:30 AM,10:30 AM - 11:00 AM,11:00 AM - 11:45 AM,ise
74,1RV26AIML074,Nikhil Sharma,AIML,B,9:15 AM - 10:30 AM,,,chemical
75,1RV26AIML075,Ishita Verma,AIML,A,9:15 AM - 10:30 AM,10:30 AM - 11:00 AM,11:00 AM - 11:45 AM,ise
76,1RV26AIML076,Ritvik Naik,AIML,B,9:15 AM - 10:30 AM,,,mca
77,1RV26AIML077,Madhav Iyer,AIML,B,9:15 AM - 10:30 AM,,,mca
78,1RV26AIML078,Meera Kulkarni,AIML,A,9:15 AM - 10:30 AM,10:30 AM - 11:00 AM,11:00 AM - 11:45 AM,ise
79,1RV26AIML079,Kunal Soni,AIML,B,9:15 AM - 10:30 AM,,,mca
80,1RV26AIML080,Vaishnavi Pawar,AIML,B,9:15 AM - 10:30 AM,,,mca
81,1RV26AIML081,Priya Verma,AIML,B,9:15 AM - 10:30 AM,,,bt
82,1RV26AIML082,Aditya Joshi,AIML,A,9:15 AM - 10:30 AM,10:30 AM - 11:00 AM,11:00 AM - 11:45 AM,ise
83,1RV26AIML083,Sanjana Desai,AIML,A,9:15 AM - 10:30 AM,10:30 AM - 11:00 AM,11:00 AM - 11:45 AM,ise
84,1RV26AIML084,Neha Iyer,AIML,A,9:15 AM - 10:30 AM,10:30 AM - 11:00 AM,11:00 AM - 11:45 AM,ise
85,1RV26AIML085,Anirudh Mehta,AIML,B,9:15 AM - 10:30 AM,,,mca
86,1RV26AIML086,Lakshmi Rao,AIML,B,9:15 AM - 10:30 AM,,,bt
87,1RV26AIML087,Riya Bhat,AIML,B,9:15 AM - 10:30 AM,,,bt
88,1RV26AIML088,Aarav Patil,AIML,A,9:15 AM - 10:30 AM,10:30 AM - 11:00 AM,11:00 AM - 11:45 AM,ise
89,1RV26AIML089,Karthik Mishra,AIML,B,9:15 AM - 10:30 AM,,,mca
90,1RV26AIML090,Sahana Das,AIML,A,9:15 AM - 10:30 AM,10:30 AM - 11:00 AM,11:00 AM - 11:45 AM,classroom 1
91,1RV26AIML091,Ishita Shetty,AIML,B,9:15 AM - 10:30 AM,,,bt
92,1RV26AIML092,Bhavana Gowda,AIML,B,9:15 AM - 10:30 AM,,,bt
93,1RV26AIML093,Nikhil Nair,AIML,A,9:15 AM - 10:30 AM,10:30 AM - 11:00 AM,11:00 AM - 11:45 AM,ise
94,1RV26AIML094,Nandini Pawar,AIML,B,9:15 AM - 10:30 AM,,,classroom 3
95,1RV26AIML095,Nandini Sharma,AIML,A,9:15 AM - 10:30 AM,10:30 AM - 11:00 AM,11:00 AM - 11:45 AM,classroom 1
96,1RV26AIML096,Nikhil Gupta,AIML,B,9:15 AM - 10:30 AM,,,mca
97,1RV26AIML097,Aarav Reddy,AIML,A,9:15 AM - 10:30 AM,10:30 AM - 11:00 AM,11:00 AM - 11:45 AM,ise
98,1RV26AIML098,Nikhil Pawar,AIML,B,9:15 AM - 10:30 AM,,,bt
99,1RV26AIML099,Sanjana Reddy,AIML,A,9:15 AM - 10:30 AM,10:30 AM - 11:00 AM,11:00 AM - 11:45 AM,classroom 1
100,1RV26AIML100,Kunal Mehta,AIML,A,9:15 AM - 10:30 AM,10:30 AM - 11:00 AM,11:00 AM - 11:45 AM,classroom 1
101,1RV26AIML101,Ritika Sharma,AIML,A,9:15 AM - 10:30 AM,10:30 AM - 11:00 AM,11:00 AM - 11:45 AM,classroom 1
102,1RV26AIML102,Rohan Reddy,AIML,B,9:15 AM - 10:30 AM,,,bt
103,1RV26AIML103,Aman Gowda,AIML,B,9:15 AM - 10:30 AM,,,bt
104,1RV26AIML104,Dev Yadav,AIML,A,9:15 AM - 10:30 AM,10:30 AM - 11:00 AM,11:00 AM - 11:45 AM,classroom 1
105,1RV26AIML105,Shruti Pawar,AIML,A,9:15 AM - 10:30 AM,10:30 AM - 11:00 AM,11:00 AM - 11:45 AM,classroom 2
106,1RV26AIML106,Aarav Kulkarni,AIML,B,9:15 AM - 10:30 AM,,,bt
107,1RV26AIML107,Aman Kapoor,AIML,B,9:15 AM - 10:30 AM,,,bt
108,1RV26AIML108,Ritvik Kumar,AIML,A,9:15 AM - 10:30 AM,10:30 AM - 11:00 AM,11:00 AM - 11:45 AM,classroom 1
109,1RV26AIML109,Sahana Pandey,AIML,B,9:15 AM - 10:30 AM,,,classroom 3
110,1RV26AIML110,Vihaan Chauhan,AIML,A,9:15 AM - 10:30 AM,10:30 AM - 11:00 AM,11:00 AM - 11:45 AM,classroom 1
111,1RV26AIML111,Shruti Kale,AIML,A,9:15 AM - 10:30 AM,10:30 AM - 11:00 AM,11:00 AM - 11:45 AM,classroom 2
112,1RV26AIML112,Yash Kale,AIML,A,9:15 AM - 10:30 AM,10:30 AM - 11:00 AM,11:00 AM - 11:45 AM,classroom 2
113,1RV26AIML113,Arjun Pawar,AIML,B,9:15 AM - 10:30 AM,,,classroom 3
114,1RV26AIML114,Anjali Kale,AIML,B,9:15 AM - 10:30 AM,,,classroom 3
115,1RV26AIML115,Kavya Das,AIML,B,9:15 AM - 10:30 AM,,,classroom 3
116,1RV26AIML116,Rishi Nair,AIML,A,9:15 AM - 10:30 AM,10:30 AM - 11:00 AM,11:00 AM - 11:45 AM,classroom 2
117,1RV26AIML117,Pragya Kumar,AIML,A,9:15 AM - 10:30 AM,10:30 AM - 11:00 AM,11:00 AM - 11:45 AM,classroom 2
118,1RV26AIML118,Rishi Chauhan,AIML,B,9:15 AM - 10:30 AM,,,classroom 3
119,1RV26AIML119,Rachana Joshi,AIML,A,9:15 AM - 10:30 AM,10:30 AM - 11:00 AM,11:00 AM - 11:45 AM,classroom 2
120,1RV26AIML120,Naveen Chauhan,AIML,A,9:15 AM - 10:30 AM,10:30 AM - 11:00 AM,11:00 AM - 11:45 AM,classroom 2
121,1RV26AIML121,Ishan Kapoor,AIML,B,9:15 AM - 10:30 AM,,,classroom 3
122,1RV26AIML122,Harsh Nair,AIML,A,9:15 AM - 10:30 AM,10:30 AM - 11:00 AM,11:00 AM - 11:45 AM,classroom 2
123,1RV26AIML123,Varun Yadav,AIML,B,9:15 AM - 10:30 AM,,,classroom 3
124,1RV26BT001,Nikhil Menon,BIOTECHNOLOGY,B,9:15 AM - 10:30 AM,,,civil
125,1RV26BT002,Shruti Pandey,BIOTECHNOLOGY,A,9:15 AM - 10:30 AM,10:30 AM - 11:00 AM,11:00 AM - 11:45 AM,ece
126,1RV26BT003,Vivek Verma,BIOTECHNOLOGY,B,9:15 AM - 10:30 AM,,,civil
127,1RV26BT004,Dhruv Jain,BIOTECHNOLOGY,B,9:15 AM - 10:30 AM,,,chemical
128,1RV26BT005,Charvi Shetty,BIOTECHNOLOGY,B,9:15 AM - 10:30 AM,,,civil
129,1RV26BT006,Harini Kapoor,BIOTECHNOLOGY,A,9:15 AM - 10:30 AM,10:30 AM - 11:00 AM,11:00 AM - 11:45 AM,ece
130,1RV26BT007,Rachana Reddy,BIOTECHNOLOGY,A,9:15 AM - 10:30 AM,10:30 AM - 11:00 AM,11:00 AM - 11:45 AM,ete
131,1RV26BT008,Dhruv Rao,BIOTECHNOLOGY,A,9:15 AM - 10:30 AM,10:30 AM - 11:00 AM,11:00 AM - 11:45 AM,ece
132,1RV26BT009,Aditya Mishra,BIOTECHNOLOGY,A,9:15 AM - 10:30 AM,10:30 AM - 11:00 AM,11:00 AM - 11:45 AM,ece
133,1RV26BT010,Harini Kapoor,BIOTECHNOLOGY,A,9:15 AM - 10:30 AM,10:30 AM - 11:00 AM,11:00 AM - 11:45 AM,ete
134,1RV26BT011,Priya Chauhan,BIOTECHNOLOGY,A,9:15 AM - 10:30 AM,10:30 AM - 11:00 AM,11:00 AM - 11:45 AM,ise
135,1RV26BT012,Divya Kapoor,BIOTECHNOLOGY,B,9:15 AM - 10:30 AM,,,civil
136,1RV26BT013,Lakshmi Singh,BIOTECHNOLOGY,B,9:15 AM - 10:30 AM,,,chemical
137,1RV26BT014,Riya Mishra,BIOTECHNOLOGY,B,9:15 AM - 10:30 AM,,,mca
138,1RV26BT015,Lakshmi Menon,BIOTECHNOLOGY,A,9:15 AM - 10:30 AM,10:30 AM - 11:00 AM,11:00 AM - 11:45 AM,classroom 1
139,1RV26BT016,Sahana Patil,BIOTECHNOLOGY,B,9:15 AM - 10:30 AM,,,bt
140,1RV26BT017,Harsh Verma,BIOTECHNOLOGY,B,9:15 AM - 10:30 AM,,,mca
141,1RV26BT018,Pranav Desai,BIOTECHNOLOGY,A,9:15 AM - 10:30 AM,10:30 AM - 11:00 AM,11:00 AM - 11:45 AM,ete
142,1RV26BT019,Ritvik Gowda,BIOTECHNOLOGY,A,9:15 AM - 10:30 AM,10:30 AM - 11:00 AM,11:00 AM - 11:45 AM,ete
143,1RV26BT020,Harsh Jain,BIOTECHNOLOGY,A,9:15 AM - 10:30 AM,10:30 AM - 11:00 AM,11:00 AM - 11:45 AM,ise
144,1RV26BT021,Vivek Sharma,BIOTECHNOLOGY,B,9:15 AM - 10:30 AM,,,bt
145,1RV26BT022,Kunal Gowda,BIOTECHNOLOGY,B,9:15 AM - 10:30 AM,,,bt
146,1RV26BT023,Aditya Menon,BIOTECHNOLOGY,B,9:15 AM - 10:30 AM,,,classroom 3
147,1RV26BT024,Ishita Reddy,BIOTECHNOLOGY,B,9:15 AM - 10:30 AM,,,classroom 3
148,1RV26BT025,Madhav Das,BIOTECHNOLOGY,A,9:15 AM - 10:30 AM,10:30 AM - 11:00 AM,11:00 AM - 11:45 AM,classroom 1
149,1RV26BT026,Divya Naik,BIOTECHNOLOGY,A,9:15 AM - 10:30 AM,10:30 AM - 11:00 AM,11:00 AM - 11:45 AM,classroom 2
150,1RV26BT027,Arjun Yadav,BIOTECHNOLOGY,A,9:15 AM - 10:30 AM,10:30 AM - 11:00 AM,11:00 AM - 11:45 AM,classroom 2
151,1RV26CH001,Siddharth Singh,CE,A,9:15 AM - 10:30 AM,10:30 AM - 11:00 AM,11:00 AM - 11:45 AM,ece
152,1RV26CH002,Vaishnavi Menon,CE,B,9:15 AM - 10:30 AM,,,civil
153,1RV26CH003,Aditya Reddy,CE,B,9:15 AM - 10:30 AM,,,civil
154,1RV26CH004,Harsh Yadav,CE,A,9:15 AM - 10:30 AM,10:30 AM - 11:00 AM,11:00 AM - 11:45 AM,ece
155,1RV26CH005,Lakshmi Kapoor,CE,B,9:15 AM - 10:30 AM,,,civil
156,1RV26CH006,Ritika Naik,CE,B,9:15 AM - 10:30 AM,,,civil
157,1RV26CH007,Aditya Hegde,CE,B,9:15 AM - 10:30 AM,,,civil
158,1RV26CH008,Kunal Sharma,CE,B,9:15 AM - 10:30 AM,,,civil
159,1RV26CH009,Aarav Kumar,CE,A,9:15 AM - 10:30 AM,10:30 AM - 11:00 AM,11:00 AM - 11:45 AM,ece
160,1RV26CH010,Ritvik Shetty,CE,B,9:15 AM - 10:30 AM,,,civil
161,1RV26CH011,Aditya Singh,CE,B,9:15 AM - 10:30 AM,,,civil
162,1RV26CH012,Aditi Verma,CE,A,9:15 AM - 10:30 AM,10:30 AM - 11:00 AM,11:00 AM - 11:45 AM,ece
163,1RV26CH013,Diya Jain,CE,B,9:15 AM - 10:30 AM,,,civil
164,1RV26CH014,Naveen Kulkarni,CE,A,9:15 AM - 10:30 AM,10:30 AM - 11:00 AM,11:00 AM - 11:45 AM,ece
165,1RV26CH015,Harsh Kumar,CE,B,9:15 AM - 10:30 AM,,,chemical
166,1RV26CH016,Lakshmi Reddy,CE,A,9:15 AM - 10:30 AM,10:30 AM - 11:00 AM,11:00 AM - 11:45 AM,ece
167,1RV26CH017,Varun Gowda,CE,A,9:15 AM - 10:30 AM,10:30 AM - 11:00 AM,11:00 AM - 11:45 AM,ece
168,1RV26CH018,Sanjana Kapoor,CE,B,9:15 AM - 10:30 AM,,,civil
169,1RV26CH019,Priya Hegde,CE,B,9:15 AM - 10:30 AM,,,chemical
170,1RV26CH020,Harini Kulkarni,CE,A,9:15 AM - 10:30 AM,10:30 AM - 11:00 AM,11:00 AM - 11:45 AM,ece
171,1RV26CH021,Sneha Menon,CE,B,9:15 AM - 10:30 AM,,,chemical
172,1RV26CH022,Aditya Pawar,CE,B,9:15 AM - 10:30 AM,,,chemical
173,1RV26CH023,Vivek Patil,CE,A,9:15 AM - 10:30 AM,10:30 AM - 11:00 AM,11:00 AM - 11:45 AM,ete
174,1RV26CH024,Vishal Pandey,CE,B,9:15 AM - 10:30 AM,,,chemical
175,1RV26CH025,Sai Reddy,CE,A,9:15 AM - 10:30 AM,10:30 AM - 11:00 AM,11:00 AM - 11:45 AM,ete
176,1RV26CH026,Charvi Kale,CE,A,9:15 AM - 10:30 AM,10:30 AM - 11:00 AM,11:00 AM - 11:45 AM,ece
177,1RV26CH027,Ishita Iyer,CE,A,9:15 AM - 10:30 AM,10:30 AM - 11:00 AM,11:00 AM - 11:45 AM,ete
178,1RV26CH028,Ananya Rao,CE,B,9:15 AM - 10:30 AM,,,chemical
179,1RV26CH029,Aditi Mehta,CE,B,9:15 AM - 10:30 AM,,,mca
180,1RV26CSE001,Kunal Patil,CSE,B,9:15 AM - 10:30 AM,,,civil
181,1RV26CSE002,Madhav Chauhan,CSE,A,9:15 AM - 10:30 AM,10:30 AM - 11:00 AM,11:00 AM - 11:45 AM,ece
182,1RV26CSE003,Arjun Pawar,CSE,A,9:15 AM - 10:30 AM,10:30 AM - 11:00 AM,11:00 AM - 11:45 AM,ece
183,1RV26CSE004,Nikhil Nair,CSE,B,9:15 AM - 10:30 AM,,,civil
184,1RV26CSE005,Anjali Verma,CSE,A,9:15 AM - 10:30 AM,10:30 AM - 11:00 AM,11:00 AM - 11:45 AM,ece
185,1RV26CSE006,Kunal Kapoor,CSE,B,9:15 AM - 10:30 AM,,,civil
186,1RV26CSE007,Kavya Bhat,CSE,A,9:15 AM - 10:30 AM,10:30 AM - 11:00 AM,11:00 AM - 11:45 AM,ece
187,1RV26CSE008,Diya Mehta,CSE,B,9:15 AM - 10:30 AM,,,civil
188,1RV26CSE009,Aarav Kapoor,CSE,A,9:15 AM - 10:30 AM,10:30 AM - 11:00 AM,11:00 AM - 11:45 AM,ece
189,1RV26CSE010,Anirudh Bhat,CSE,B,9:15 AM - 10:30 AM,,,civil
190,1RV26CSE011,Ritika Bhat,CSE,B,9:15 AM - 10:30 AM,,,civil
191,1RV26CSE012,Ritvik Pawar,CSE,B,9:15 AM - 10:30 AM,,,civil
192,1RV26CSE013,Aarav Pawar,CSE,A,9:15 AM - 10:30 AM,10:30 AM - 11:00 AM,11:00 AM - 11:45 AM,ece
193,1RV26CSE014,Priya Reddy,CSE,B,9:15 AM - 10:30 AM,,,civil
194,1RV26CSE015,Siddharth Menon,CSE,B,9:15 AM - 10:30 AM,,,civil
195,1RV26CSE016,Anirudh Patil,CSE,A,9:15 AM - 10:30 AM,10:30 AM - 11:00 AM,11:00 AM - 11:45 AM,ece
196,1RV26CSE017,Bhavana Rao,CSE,B,9:15 AM - 10:30 AM,,,civil
197,1RV26CSE018,Pooja Desai,CSE,A,9:15 AM - 10:30 AM,10:30 AM - 11:00 AM,11:00 AM - 11:45 AM,ece
198,1RV26CSE019,Pooja Das,CSE,B,9:15 AM - 10:30 AM,,,civil
199,1RV26CSE020,Madhav Jain,CSE,B,9:15 AM - 10:30 AM,,,civil
200,1RV26CSE021,Aarav Kumar,CSE,A,9:15 AM - 10:30 AM,10:30 AM - 11:00 AM,11:00 AM - 11:45 AM,ece
201,1RV26CSE022,Shashank Chauhan,CSE,B,9:15 AM - 10:30 AM,,,civil
202,1RV26CSE023,Dhruv Pandey,CSE,A,9:15 AM - 10:30 AM,10:30 AM - 11:00 AM,11:00 AM - 11:45 AM,ece
203,1RV26CSE024,Riya Rao,CSE,A,9:15 AM - 10:30 AM,10:30 AM - 11:00 AM,11:00 AM - 11:45 AM,ece
204,1RV26CSE025,Aryan Gupta,CSE,B,9:15 AM - 10:30 AM,,,civil
205,1RV26CSE026,Pooja Patil,CSE,B,9:15 AM - 10:30 AM,,,civil
206,1RV26CSE027,Rohan Menon,CSE,B,9:15 AM - 10:30 AM,,,civil
207,1RV26CSE028,Charvi Shetty,CSE,B,9:15 AM - 10:30 AM,,,civil
208,1RV26CSE029,Dev Das,CSE,B,9:15 AM - 10:30 AM,,,civil
209,1RV26CSE030,Naveen Menon,CSE,A,9:15 AM - 10:30 AM,10:30 AM - 11:00 AM,11:00 AM - 11:45 AM,ece
210,1RV26CSE031,Aditi Joshi,CSE,A,9:15 AM - 10:30 AM,10:30 AM - 11:00 AM,11:00 AM - 11:45 AM,ece
211,1RV26CSE032,Naveen Joshi,CSE,B,9:15 AM - 10:30 AM,,,civil
212,1RV26CSE033,Anjali Desai,CSE,B,9:15 AM - 10:30 AM,,,civil
213,1RV26CSE034,Varun Das,CSE,B,9:15 AM - 10:30 AM,,,civil
214,1RV26CSE035,Aditya Pandey,CSE,A,9:15 AM - 10:30 AM,10:30 AM - 11:00 AM,11:00 AM - 11:45 AM,ece
215,1RV26CSE036,Kavya Soni,CSE,A,9:15 AM - 10:30 AM,10:30 AM - 11:00 AM,11:00 AM - 11:45 AM,ece
216,1RV26CSE037,Kunal Joshi,CSE,A,9:15 AM - 10:30 AM,10:30 AM - 11:00 AM,11:00 AM - 11:45 AM,ece
217,1RV26CSE038,Manya Pandey,CSE,A,9:15 AM - 10:30 AM,10:30 AM - 11:00 AM,11:00 AM - 11:45 AM,ece
218,1RV26CSE039,Madhav Joshi,CSE,B,9:15 AM - 10:30 AM,,,civil
219,1RV26CSE040,Divya Gupta,CSE,B,9:15 AM - 10:30 AM,,,civil
220,1RV26CSE041,Shashank Rao,CSE,A,9:15 AM - 10:30 AM,10:30 AM - 11:00 AM,11:00 AM - 11:45 AM,ece
221,1RV26CSE042,Diya Gowda,CSE,B,9:15 AM - 10:30 AM,,,civil
222,1RV26CSE043,Sneha Hegde,CSE,B,9:15 AM - 10:30 AM,,,civil
223,1RV26CSE044,Ritvik Rao,CSE,B,9:15 AM - 10:30 AM,,,civil
224,1RV26CSE045,Ishan Rao,CSE,B,9:15 AM - 10:30 AM,,,civil
225,1RV26CSE046,Diya Kapoor,CSE,A,9:15 AM - 10:30 AM,10:30 AM - 11:00 AM,11:00 AM - 11:45 AM,ece
226,1RV26CSE047,Siddharth Pawar,CSE,B,9:15 AM - 10:30 AM,,,civil
227,1RV26CSE048,Aarohi Desai,CSE,B,9:15 AM - 10:30 AM,,,civil
228,1RV26CSE049,Aditi Iyer,CSE,B,9:15 AM - 10:30 AM,,,civil
229,1RV26CSE050,Neha Shetty,CSE,A,9:15 AM - 10:30 AM,10:30 AM - 11:00 AM,11:00 AM - 11:45 AM,ece
230,1RV26CSE051,Ishan Das,CSE,A,9:15 AM - 10:30 AM,10:30 AM - 11:00 AM,11:00 AM - 11:45 AM,ece
231,1RV26CSE052,Bhavana Kapoor,CSE,B,9:15 AM - 10:30 AM,,,civil
232,1RV26CSE053,Varun Kapoor,CSE,A,9:15 AM - 10:30 AM,10:30 AM - 11:00 AM,11:00 AM - 11:45 AM,ece
233,1RV26CSE054,Sanjana Mishra,CSE,A,9:15 AM - 10:30 AM,10:30 AM - 11:00 AM,11:00 AM - 11:45 AM,ece
234,1RV26CSE055,Ritvik Chauhan,CSE,B,9:15 AM - 10:30 AM,,,civil
235,1RV26CSE056,Shashank Menon,CSE,B,9:15 AM - 10:30 AM,,,civil
236,1RV26CSE057,Karthik Soni,CSE,B,9:15 AM - 10:30 AM,,,civil
237,1RV26CSE058,Harini Shetty,CSE,B,9:15 AM - 10:30 AM,,,civil
238,1RV26CSE059,Aarohi Desai,CSE,B,9:15 AM - 10:30 AM,,,civil
239,1RV26CSE060,Shruti Sharma,CSE,A,9:15 AM - 10:30 AM,10:30 AM - 11:00 AM,11:00 AM - 11:45 AM,ece
240,1RV26CSE061,Aditya Reddy,CSE,A,9:15 AM - 10:30 AM,10:30 AM - 11:00 AM,11:00 AM - 11:45 AM,ece
241,1RV26CSE062,Kavya Pandey,CSE,B,9:15 AM - 10:30 AM,,,civil
242,1RV26CSE063,Aman Jain,CSE,A,9:15 AM - 10:30 AM,10:30 AM - 11:00 AM,11:00 AM - 11:45 AM,ece
243,1RV26CSE064,Diya Yadav,CSE,B,9:15 AM - 10:30 AM,,,civil
244,1RV26CSE065,Madhav Bhat,CSE,B,9:15 AM - 10:30 AM,,,civil
245,1RV26CSE066,Sneha Das,CSE,A,9:15 AM - 10:30 AM,10:30 AM - 11:00 AM,11:00 AM - 11:45 AM,ece
246,1RV26CSE067,Aman Reddy,CSE,A,9:15 AM - 10:30 AM,10:30 AM - 11:00 AM,11:00 AM - 11:45 AM,ece
247,1RV26CSE068,Lakshmi Nair,CSE,B,9:15 AM - 10:30 AM,,,civil
248,1RV26CSE069,Priya Nair,CSE,A,9:15 AM - 10:30 AM,10:30 AM - 11:00 AM,11:00 AM - 11:45 AM,ece
249,1RV26CSE070,Meera Joshi,CSE,B,9:15 AM - 10:30 AM,,,civil
250,1RV26CSE071,Shashank Gowda,CSE,A,9:15 AM - 10:30 AM,10:30 AM - 11:00 AM,11:00 AM - 11:45 AM,ece
251,1RV26CSE072,Rahul Das,CSE,A,9:15 AM - 10:30 AM,10:30 AM - 11:00 AM,11:00 AM - 11:45 AM,ece
252,1RV26CSE073,Pranav Shetty,CSE,B,9:15 AM - 10:30 AM,,,civil
253,1RV26CSE074,Varun Nair,CSE,B,9:15 AM - 10:30 AM,,,civil
254,1RV26CSE075,Sai Naik,CSE,B,9:15 AM - 10:30 AM,,,civil
255,1RV26CSE076,Harini Naik,CSE,B,9:15 AM - 10:30 AM,,,civil
256,1RV26CSE077,Ritika Hegde,CSE,B,9:15 AM - 10:30 AM,,,civil
257,1RV26CSE078,Aman Naik,CSE,B,9:15 AM - 10:30 AM,,,civil
258,1RV26CSE079,Aarav Pawar,CSE,B,9:15 AM - 10:30 AM,,,civil
259,1RV26CSE080,Vivek Kumar,CSE,A,9:15 AM - 10:30 AM,10:30 AM - 11:00 AM,11:00 AM - 11:45 AM,ece
260,1RV26CSE081,Bhavana Naik,CSE,A,9:15 AM - 10:30 AM,10:30 AM - 11:00 AM,11:00 AM - 11:45 AM,ece
261,1RV26CSE082,Rishi Yadav,CSE,B,9:15 AM - 10:30 AM,,,civil
262,1RV26CSE083,Aman Jain,CSE,A,9:15 AM - 10:30 AM,10:30 AM - 11:00 AM,11:00 AM - 11:45 AM,ece
263,1RV26CSE084,Aman Singh,CSE,A,9:15 AM - 10:30 AM,10:30 AM - 11:00 AM,11:00 AM - 11:45 AM,ece
264,1RV26CSE085,Divya Chauhan,CSE,A,9:15 AM - 10:30 AM,10:30 AM - 11:00 AM,11:00 AM - 11:45 AM,ece
265,1RV26CSE086,Sahana Gupta,CSE,A,9:15 AM - 10:30 AM,10:30 AM - 11:00 AM,11:00 AM - 11:45 AM,ece
266,1RV26CSE087,Sai Chauhan,CSE,B,9:15 AM - 10:30 AM,,,civil
267,1RV26CSE088,Sahana Pandey,CSE,B,9:15 AM - 10:30 AM,,,civil
268,1RV26CSE089,Vihaan Yadav,CSE,A,9:15 AM - 10:30 AM,10:30 AM - 11:00 AM,11:00 AM - 11:45 AM,ece
269,1RV26CSE090,Krishna Kumar,CSE,B,9:15 AM - 10:30 AM,,,civil
270,1RV26CSE091,Kunal Yadav,CSE,A,9:15 AM - 10:30 AM,10:30 AM - 11:00 AM,11:00 AM - 11:45 AM,ece
271,1RV26CSE092,Aarohi Chauhan,CSE,A,9:15 AM - 10:30 AM,10:30 AM - 11:00 AM,11:00 AM - 11:45 AM,ece
272,1RV26CSE093,Riya Bhat,CSE,A,9:15 AM - 10:30 AM,10:30 AM - 11:00 AM,11:00 AM - 11:45 AM,ece
273,1RV26CSE094,Sneha Iyer,CSE,B,9:15 AM - 10:30 AM,,,civil
274,1RV26CSE095,Kunal Yadav,CSE,B,9:15 AM - 10:30 AM,,,civil
275,1RV26CSE096,Shashank Mehta,CSE,B,9:15 AM - 10:30 AM,,,civil
276,1RV26CSE097,Arjun Kapoor,CSE,A,9:15 AM - 10:30 AM,10:30 AM - 11:00 AM,11:00 AM - 11:45 AM,ece
277,1RV26CSE098,Anjali Soni,CSE,A,9:15 AM - 10:30 AM,10:30 AM - 11:00 AM,11:00 AM - 11:45 AM,ece
278,1RV26CSE099,Vaishnavi Hegde,CSE,B,9:15 AM - 10:30 AM,,,civil
279,1RV26CSE100,Shashank Mishra,CSE,B,9:15 AM - 10:30 AM,,,civil
280,1RV26CSE101,Nikhil Patil,CSE,B,9:15 AM - 10:30 AM,,,civil
281,1RV26CSE102,Aman Soni,CSE,B,9:15 AM - 10:30 AM,,,civil
282,1RV26CSE103,Dev Patil,CSE,A,9:15 AM - 10:30 AM,10:30 AM - 11:00 AM,11:00 AM - 11:45 AM,ece
283,1RV26CSE104,Rohan Soni,CSE,B,9:15 AM - 10:30 AM,,,civil
284,1RV26CSE105,Ananya Kulkarni,CSE,A,9:15 AM - 10:30 AM,10:30 AM - 11:00 AM,11:00 AM - 11:45 AM,ece
285,1RV26CSE106,Anika Mehta,CSE,A,9:15 AM - 10:30 AM,10:30 AM - 11:00 AM,11:00 AM - 11:45 AM,ece
286,1RV26CSE107,Aman Rao,CSE,B,9:15 AM - 10:30 AM,,,chemical
287,1RV26CSE108,Rohan Kumar,CSE,B,9:15 AM - 10:30 AM,,,chemical
288,1RV26CSE109,Pooja Iyer,CSE,A,9:15 AM - 10:30 AM,10:30 AM - 11:00 AM,11:00 AM - 11:45 AM,ece
289,1RV26CSE110,Ananya Gupta,CSE,B,9:15 AM - 10:30 AM,,,civil
290,1RV26CSE111,Tanvi Jain,CSE,B,9:15 AM - 10:30 AM,,,civil
291,1RV26CSE112,Harini Verma,CSE,B,9:15 AM - 10:30 AM,,,civil
292,1RV26CSE113,Arjun Shetty,CSE,B,9:15 AM - 10:30 AM,,,chemical
293,1RV26CSE114,Diya Kapoor,CSE,A,9:15 AM - 10:30 AM,10:30 AM - 11:00 AM,11:00 AM - 11:45 AM,ece
294,1RV26CSE115,Bhavana Joshi,CSE,B,9:15 AM - 10:30 AM,,,civil
295,1RV26CSE116,Ishita Patil,CSE,B,9:15 AM - 10:30 AM,,,civil
296,1RV26CSE117,Ishita Chauhan,CSE,B,9:15 AM - 10:30 AM,,,civil
297,1RV26CSE118,Yash Rao,CSE,A,9:15 AM - 10:30 AM,10:30 AM - 11:00 AM,11:00 AM - 11:45 AM,ece
298,1RV26CSE119,Rishi Nair,CSE,A,9:15 AM - 10:30 AM,10:30 AM - 11:00 AM,11:00 AM - 11:45 AM,ece
299,1RV26CSE120,Vishal Pandey,CSE,B,9:15 AM - 10:30 AM,,,chemical
300,1RV26CSE121,Manya Rao,CSE,A,9:15 AM - 10:30 AM,10:30 AM - 11:00 AM,11:00 AM - 11:45 AM,ece
301,1RV26CSE122,Bhavana Gupta,CSE,A,9:15 AM - 10:30 AM,10:30 AM - 11:00 AM,11:00 AM - 11:45 AM,ece
302,1RV26CSE123,Naveen Shetty,CSE,B,9:15 AM - 10:30 AM,,,chemical
303,1RV26CSE124,Arjun Das,CSE,B,9:15 AM - 10:30 AM,,,chemical
304,1RV26CSE125,Priya Nair,CSE,B,9:15 AM - 10:30 AM,,,civil
305,1RV26CSE126,Vivek Das,CSE,B,9:15 AM - 10:30 AM,,,chemical
306,1RV26CSE127,Karthik Jain,CSE,A,9:15 AM - 10:30 AM,10:30 AM - 11:00 AM,11:00 AM - 11:45 AM,ece
307,1RV26CSE128,Sneha Reddy,CSE,B,9:15 AM - 10:30 AM,,,civil
308,1RV26CSE129,Sneha Iyer,CSE,B,9:15 AM - 10:30 AM,,,civil
309,1RV26CSE130,Harsh Kale,CSE,B,9:15 AM - 10:30 AM,,,chemical
310,1RV26CSE131,Kunal Jain,CSE,B,9:15 AM - 10:30 AM,,,chemical
311,1RV26CSE132,Aman Jain,CSE,B,9:15 AM - 10:30 AM,,,chemical
312,1RV26CSE133,Kunal Das,CSE,B,9:15 AM - 10:30 AM,,,chemical
313,1RV26CSE134,Rishi Gupta,CSE,B,9:15 AM - 10:30 AM,,,chemical
314,1RV26CSE135,Lakshmi Shetty,CSE,B,9:15 AM - 10:30 AM,,,civil
315,1RV26CSE136,Nisha Iyer,CSE,A,9:15 AM - 10:30 AM,10:30 AM - 11:00 AM,11:00 AM - 11:45 AM,ece
316,1RV26CSE137,Karthik Iyer,CSE,B,9:15 AM - 10:30 AM,,,chemical
317,1RV26CSE138,Pooja Kale,CSE,A,9:15 AM - 10:30 AM,10:30 AM - 11:00 AM,11:00 AM - 11:45 AM,ece
318,1RV26CSE139,Shruti Rao,CSE,A,9:15 AM - 10:30 AM,10:30 AM - 11:00 AM,11:00 AM - 11:45 AM,ece
319,1RV26CSE140,Tanvi Pandey,CSE,A,9:15 AM - 10:30 AM,10:30 AM - 11:00 AM,11:00 AM - 11:45 AM,ece
320,1RV26CSE141,Krishna Gupta,CSE,B,9:15 AM - 10:30 AM,,,chemical
321,1RV26CSE142,Harsh Nair,CSE,A,9:15 AM - 10:30 AM,10:30 AM - 11:00 AM,11:00 AM - 11:45 AM,ece
322,1RV26CSE143,Riya Gowda,CSE,A,9:15 AM - 10:30 AM,10:30 AM - 11:00 AM,11:00 AM - 11:45 AM,ece
323,1RV26CSE144,Ananya Hegde,CSE,A,9:15 AM - 10:30 AM,10:30 AM - 11:00 AM,11:00 AM - 11:45 AM,ece
324,1RV26CSE145,Karthik Gupta,CSE,B,9:15 AM - 10:30 AM,,,chemical
325,1RV26CSE146,Shruti Gupta,CSE,A,9:15 AM - 10:30 AM,10:30 AM - 11:00 AM,11:00 AM - 11:45 AM,ece
326,1RV26CSE147,Sanjana Kulkarni,CSE,B,9:15 AM - 10:30 AM,,,chemical
327,1RV26CSE148,Rahul Rao,CSE,A,9:15 AM - 10:30 AM,10:30 AM - 11:00 AM,11:00 AM - 11:45 AM,ece
328,1RV26CSE149,Harsh Pawar,CSE,A,9:15 AM - 10:30 AM,10:30 AM - 11:00 AM,11:00 AM - 11:45 AM,ece
329,1RV26CSE150,Aditi Reddy,CSE,A,9:15 AM - 10:30 AM,10:30 AM - 11:00 AM,11:00 AM - 11:45 AM,ece
330,1RV26CSE151,Lakshmi Menon,CSE,A,9:15 AM - 10:30 AM,10:30 AM - 11:00 AM,11:00 AM - 11:45 AM,ece
331,1RV26CSE152,Kavya Pandey,CSE,A,9:15 AM - 10:30 AM,10:30 AM - 11:00 AM,11:00 AM - 11:45 AM,ece
332,1RV26CSE153,Varun Kale,CSE,B,9:15 AM - 10:30 AM,,,chemical
333,1RV26CSE154,Aman Nair,CSE,B,9:15 AM - 10:30 AM,,,chemical
334,1RV26CSE155,Karthik Pawar,CSE,B,9:15 AM - 10:30 AM,,,chemical
335,1RV26CSE156,Priya Kapoor,CSE,B,9:15 AM - 10:30 AM,,,chemical
336,1RV26CSE157,Dev Naik,CSE,A,9:15 AM - 10:30 AM,10:30 AM - 11:00 AM,11:00 AM - 11:45 AM,ece
337,1RV26CSE158,Dev Rao,CSE,A,9:15 AM - 10:30 AM,10:30 AM - 11:00 AM,11:00 AM - 11:45 AM,ece
338,1RV26CSE159,Riya Patil,CSE,A,9:15 AM - 10:30 AM,10:30 AM - 11:00 AM,11:00 AM - 11:45 AM,ece
339,1RV26CSE160,Aryan Jain,CSE,A,9:15 AM - 10:30 AM,10:30 AM - 11:00 AM,11:00 AM - 11:45 AM,ece
340,1RV26CSE161,Sneha Naik,CSE,A,9:15 AM - 10:30 AM,10:30 AM - 11:00 AM,11:00 AM - 11:45 AM,ece
341,1RV26CSE162,Anjali Das,CSE,A,9:15 AM - 10:30 AM,10:30 AM - 11:00 AM,11:00 AM - 11:45 AM,ete
342,1RV26CSE163,Harsh Jain,CSE,A,9:15 AM - 10:30 AM,10:30 AM - 11:00 AM,11:00 AM - 11:45 AM,ece
343,1RV26CSE164,Meera Reddy,CSE,B,9:15 AM - 10:30 AM,,,chemical
344,1RV26CSE165,Anika Gupta,CSE,B,9:15 AM - 10:30 AM,,,chemical
345,1RV26CSE166,Lakshmi Shetty,CSE,B,9:15 AM - 10:30 AM,,,chemical
346,1RV26CSE167,Sanjana Nair,CSE,B,9:15 AM - 10:30 AM,,,chemical
347,1RV26CSE168,Harsh Nair,CSE,B,9:15 AM - 10:30 AM,,,chemical
348,1RV26CSE169,Rachana Patil,CSE,A,9:15 AM - 10:30 AM,10:30 AM - 11:00 AM,11:00 AM - 11:45 AM,ete
349,1RV26CSE170,Naveen Pandey,CSE,B,9:15 AM - 10:30 AM,,,chemical
350,1RV26CSE171,Nikhil Pandey,CSE,A,9:15 AM - 10:30 AM,10:30 AM - 11:00 AM,11:00 AM - 11:45 AM,ece
351,1RV26CSE172,Siddharth Pandey,CSE,B,9:15 AM - 10:30 AM,,,chemical
352,1RV26CSE173,Vihaan Bhat,CSE,A,9:15 AM - 10:30 AM,10:30 AM - 11:00 AM,11:00 AM - 11:45 AM,ece
353,1RV26CSE174,Arjun Pandey,CSE,B,9:15 AM - 10:30 AM,,,mca
354,1RV26CSE175,Anirudh Nair,CSE,A,9:15 AM - 10:30 AM,10:30 AM - 11:00 AM,11:00 AM - 11:45 AM,ete
355,1RV26CSE176,Madhav Joshi,CSE,B,9:15 AM - 10:30 AM,,,mca
356,1RV26CSE177,Pragya Sharma,CSE,A,9:15 AM - 10:30 AM,10:30 AM - 11:00 AM,11:00 AM - 11:45 AM,ete
357,1RV26CSE178,Sahana Kulkarni,CSE,A,9:15 AM - 10:30 AM,10:30 AM - 11:00 AM,11:00 AM - 11:45 AM,ete
358,1RV26CSE179,Harini Kapoor,CSE,B,9:15 AM - 10:30 AM,,,chemical
359,1RV26CSE180,Rachana Shetty,CSE,B,9:15 AM - 10:30 AM,,,chemical
360,1RV26CSE181,Charvi Rao,CSE,A,9:15 AM - 10:30 AM,10:30 AM - 11:00 AM,11:00 AM - 11:45 AM,ete
361,1RV26CSE182,Sahana Das,CSE,A,9:15 AM - 10:30 AM,10:30 AM - 11:00 AM,11:00 AM - 11:45 AM,ete
362,1RV26CSE183,Diya Rao,CSE,B,9:15 AM - 10:30 AM,,,chemical
363,1RV26CSE184,Meera Sharma,CSE,B,9:15 AM - 10:30 AM,,,chemical
364,1RV26CSE185,Yash Pandey,CSE,A,9:15 AM - 10:30 AM,10:30 AM - 11:00 AM,11:00 AM - 11:45 AM,ete
365,1RV26CSE186,Vishal Kale,CSE,B,9:15 AM - 10:30 AM,,,mca
366,1RV26CSE187,Neha Patil,CSE,B,9:15 AM - 10:30 AM,,,chemical
367,1RV26CSE188,Bhavana Iyer,CSE,B,9:15 AM - 10:30 AM,,,chemical
368,1RV26CSE189,Vishal Verma,CSE,B,9:15 AM - 10:30 AM,,,mca
369,1RV26CSE190,Divya Kumar,CSE,A,9:15 AM - 10:30 AM,10:30 AM - 11:00 AM,11:00 AM - 11:45 AM,ete
370,1RV26CSE191,Sai Soni,CSE,B,9:15 AM - 10:30 AM,,,mca
371,1RV26CSE192,Sai Mishra,CSE,A,9:15 AM - 10:30 AM,10:30 AM - 11:00 AM,11:00 AM - 11:45 AM,ete
372,1RV26CSE193,Madhav Desai,CSE,A,9:15 AM - 10:30 AM,10:30 AM - 11:00 AM,11:00 AM - 11:45 AM,ete
373,1RV26CSE194,Arjun Kulkarni,CSE,B,9:15 AM - 10:30 AM,,,mca
374,1RV26CSE195,Tejas Singh,CSE,A,9:15 AM - 10:30 AM,10:30 AM - 11:00 AM,11:00 AM - 11:45 AM,ete
375,1RV26CSE196,Pragya Kumar,CSE,B,9:15 AM - 10:30 AM,,,chemical
376,1RV26CSE197,Diya Pawar,CSE,A,9:15 AM - 10:30 AM,10:30 AM - 11:00 AM,11:00 AM - 11:45 AM,ete
377,1RV26CSE198,Ananya Pandey,CSE,A,9:15 AM - 10:30 AM,10:30 AM - 11:00 AM,11:00 AM - 11:45 AM,ete
378,1RV26CSE199,Anjali Iyer,CSE,A,9:15 AM - 10:30 AM,10:30 AM - 11:00 AM,11:00 AM - 11:45 AM,ete
379,1RV26CSE200,Shashank Nair,CSE,A,9:15 AM - 10:30 AM,10:30 AM - 11:00 AM,11:00 AM - 11:45 AM,ete
380,1RV26CSE201,Karthik Pandey,CSE,A,9:15 AM - 10:30 AM,10:30 AM - 11:00 AM,11:00 AM - 11:45 AM,ete
381,1RV26CSE202,Dev Iyer,CSE,B,9:15 AM - 10:30 AM,,,mca
382,1RV26CSE203,Siddharth Singh,CSE,B,9:15 AM - 10:30 AM,,,mca
383,1RV26CSE204,Vihaan Pawar,CSE,A,9:15 AM - 10:30 AM,10:30 AM - 11:00 AM,11:00 AM - 11:45 AM,ete
384,1RV26CSE205,Sanjana Gupta,CSE,A,9:15 AM - 10:30 AM,10:30 AM - 11:00 AM,11:00 AM - 11:45 AM,ete
385,1RV26CSE206,Divya Chauhan,CSE,A,9:15 AM - 10:30 AM,10:30 AM - 11:00 AM,11:00 AM - 11:45 AM,ete
386,1RV26CSE207,Vaishnavi Singh,CSE,B,9:15 AM - 10:30 AM,,,chemical
387,1RV26CSE208,Karthik Chauhan,CSE,A,9:15 AM - 10:30 AM,10:30 AM - 11:00 AM,11:00 AM - 11:45 AM,ete
388,1RV26CSE209,Ritvik Nair,CSE,B,9:15 AM - 10:30 AM,,,mca
389,1RV26CSE210,Aarav Iyer,CSE,A,9:15 AM - 10:30 AM,10:30 AM - 11:00 AM,11:00 AM - 11:45 AM,ete
390,1RV26CSE211,Harini Kulkarni,CSE,A,9:15 AM - 10:30 AM,10:30 AM - 11:00 AM,11:00 AM - 11:45 AM,ete
391,1RV26CSE212,Manya Soni,CSE,A,9:15 AM - 10:30 AM,10:30 AM - 11:00 AM,11:00 AM - 11:45 AM,ete
392,1RV26CSE213,Sai Reddy,CSE,A,9:15 AM - 10:30 AM,10:30 AM - 11:00 AM,11:00 AM - 11:45 AM,ete
393,1RV26CSE214,Priya Rao,CSE,B,9:15 AM - 10:30 AM,,,chemical
394,1RV26CSE215,Nandini Kumar,CSE,B,9:15 AM - 10:30 AM,,,chemical
395,1RV26CSE216,Ritvik Kale,CSE,B,9:15 AM - 10:30 AM,,,mca
396,1RV26CSE217,Dev Hegde,CSE,B,9:15 AM - 10:30 AM,,,mca
397,1RV26CSE218,Nisha Iyer,CSE,A,9:15 AM - 10:30 AM,10:30 AM - 11:00 AM,11:00 AM - 11:45 AM,ete
398,1RV26CSE219,Nikhil Das,CSE,A,9:15 AM - 10:30 AM,10:30 AM - 11:00 AM,11:00 AM - 11:45 AM,ete
399,1RV26CSE220,Sanjana Desai,CSE,B,9:15 AM - 10:30 AM,,,chemical
400,1RV26CSE221,Lakshmi Yadav,CSE,A,9:15 AM - 10:30 AM,10:30 AM - 11:00 AM,11:00 AM - 11:45 AM,ete
401,1RV26CSE222,Sanjana Kapoor,CSE,A,9:15 AM - 10:30 AM,10:30 AM - 11:00 AM,11:00 AM - 11:45 AM,ete
402,1RV26CSE223,Rishi Bhat,CSE,B,9:15 AM - 10:30 AM,,,mca
403,1RV26CSE224,Tanvi Verma,CSE,A,9:15 AM - 10:30 AM,10:30 AM - 11:00 AM,11:00 AM - 11:45 AM,ete
404,1RV26CSE225,Yash Pawar,CSE,A,9:15 AM - 10:30 AM,10:30 AM - 11:00 AM,11:00 AM - 11:45 AM,ete
405,1RV26CSE226,Tejas Nair,CSE,B,9:15 AM - 10:30 AM,,,mca
406,1RV26CSE227,Yash Kale,CSE,A,9:15 AM - 10:30 AM,10:30 AM - 11:00 AM,11:00 AM - 11:45 AM,ete
407,1RV26CSE228,Aditi Kumar,CSE,B,9:15 AM - 10:30 AM,,,chemical
408,1RV26CSE229,Kavya Shetty,CSE,A,9:15 AM - 10:30 AM,10:30 AM - 11:00 AM,11:00 AM - 11:45 AM,ete
409,1RV26CSE230,Vishal Pawar,CSE,B,9:15 AM - 10:30 AM,,,mca
410,1RV26CSE231,Pragya Shetty,CSE,A,9:15 AM - 10:30 AM,10:30 AM - 11:00 AM,11:00 AM - 11:45 AM,ete
411,1RV26CSE232,Anika Hegde,CSE,B,9:15 AM - 10:30 AM,,,chemical
412,1RV26CSE233,Dev Naik,CSE,A,9:15 AM - 10:30 AM,10:30 AM - 11:00 AM,11:00 AM - 11:45 AM,ete
413,1RV26CSE234,Vihaan Mehta,CSE,A,9:15 AM - 10:30 AM,10:30 AM - 11:00 AM,11:00 AM - 11:45 AM,ete
414,1RV26CSE235,Rahul Pandey,CSE,B,9:15 AM - 10:30 AM,,,mca
415,1RV26CSE236,Vivek Gupta,CSE,A,9:15 AM - 10:30 AM,10:30 AM - 11:00 AM,11:00 AM - 11:45 AM,ete
416,1RV26CSE237,Dev Naik,CSE,A,9:15 AM - 10:30 AM,10:30 AM - 11:00 AM,11:00 AM - 11:45 AM,ete
417,1RV26CSE238,Rishi Yadav,CSE,B,9:15 AM - 10:30 AM,,,mca
418,1RV26CSE239,Sahana Menon,CSE,A,9:15 AM - 10:30 AM,10:30 AM - 11:00 AM,11:00 AM - 11:45 AM,ete
419,1RV26CSE240,Rachana Reddy,CSE,A,9:15 AM - 10:30 AM,10:30 AM - 11:00 AM,11:00 AM - 11:45 AM,ete
420,1RV26CSE241,Aarav Rao,CSE,A,9:15 AM - 10:30 AM,10:30 AM - 11:00 AM,11:00 AM - 11:45 AM,ete
421,1RV26CSE242,Tanvi Iyer,CSE,B,9:15 AM - 10:30 AM,,,chemical
422,1RV26CSE243,Ritika Menon,CSE,B,9:15 AM - 10:30 AM,,,chemical
423,1RV26CSE244,Vaishnavi Reddy,CSE,A,9:15 AM - 10:30 AM,10:30 AM - 11:00 AM,11:00 AM - 11:45 AM,ise
424,1RV26CSE245,Vivek Hegde,CSE,A,9:15 AM - 10:30 AM,10:30 AM - 11:00 AM,11:00 AM - 11:45 AM,ete
425,1RV26CSE246,Anirudh Sharma,CSE,A,9:15 AM - 10:30 AM,10:30 AM - 11:00 AM,11:00 AM - 11:45 AM,ete
426,1RV26CSE247,Sahana Hegde,CSE,A,9:15 AM - 10:30 AM,10:30 AM - 11:00 AM,11:00 AM - 11:45 AM,ise
427,1RV26CSE248,Manya Kumar,CSE,B,9:15 AM - 10:30 AM,,,chemical
428,1RV26CSE249,Sahana Soni,CSE,A,9:15 AM - 10:30 AM,10:30 AM - 11:00 AM,11:00 AM - 11:45 AM,ise
429,1RV26CSE250,Divya Verma,CSE,A,9:15 AM - 10:30 AM,10:30 AM - 11:00 AM,11:00 AM - 11:45 AM,ise
430,1RV26CSE251,Ananya Patil,CSE,B,9:15 AM - 10:30 AM,,,mca
431,1RV26CSE252,Anjali Desai,CSE,B,9:15 AM - 10:30 AM,,,mca
432,1RV26CSE253,Priya Kapoor,CSE,B,9:15 AM - 10:30 AM,,,mca
433,1RV26CSE254,Varun Pawar,CSE,B,9:15 AM - 10:30 AM,,,mca
434,1RV26CSE255,Varun Pawar,CSE,A,9:15 AM - 10:30 AM,10:30 AM - 11:00 AM,11:00 AM - 11:45 AM,ete
435,1RV26CSE256,Dhruv Hegde,CSE,B,9:15 AM - 10:30 AM,,,mca
436,1RV26CSE257,Vaishnavi Pawar,CSE,B,9:15 AM - 10:30 AM,,,mca
437,1RV26CSE258,Aarav Jain,CSE,A,9:15 AM - 10:30 AM,10:30 AM - 11:00 AM,11:00 AM - 11:45 AM,ete
438,1RV26CSE259,Ananya Yadav,CSE,B,9:15 AM - 10:30 AM,,,mca
439,1RV26CSE260,Varun Jain,CSE,A,9:15 AM - 10:30 AM,10:30 AM - 11:00 AM,11:00 AM - 11:45 AM,ise
440,1RV26CSE261,Anika Sharma,CSE,B,9:15 AM - 10:30 AM,,,mca
441,1RV26CSE262,Rahul Gowda,CSE,B,9:15 AM - 10:30 AM,,,mca
442,1RV26CSE263,Madhav Pawar,CSE,B,9:15 AM - 10:30 AM,,,mca
443,1RV26CSE264,Ritika Mishra,CSE,B,9:15 AM - 10:30 AM,,,mca
444,1RV26CSE265,Pooja Desai,CSE,A,9:15 AM - 10:30 AM,10:30 AM - 11:00 AM,11:00 AM - 11:45 AM,ise
445,1RV26CSE266,Madhav Chauhan,CSE,B,9:15 AM - 10:30 AM,,,bt
446,1RV26CSE267,Shashank Nair,CSE,A,9:15 AM - 10:30 AM,10:30 AM - 11:00 AM,11:00 AM - 11:45 AM,ise
447,1RV26CSE268,Aditi Patil,CSE,B,9:15 AM - 10:30 AM,,,mca
448,1RV26CSE269,Manya Chauhan,CSE,A,9:15 AM - 10:30 AM,10:30 AM - 11:00 AM,11:00 AM - 11:45 AM,ise
449,1RV26CSE270,Anirudh Nair,CSE,B,9:15 AM - 10:30 AM,,,bt
450,1RV26CSE271,Sahana Desai,CSE,B,9:15 AM - 10:30 AM,,,mca
451,1RV26CSE272,Aditi Chauhan,CSE,A,9:15 AM - 10:30 AM,10:30 AM - 11:00 AM,11:00 AM - 11:45 AM,ise
452,1RV26CSE273,Ishan Mehta,CSE,B,9:15 AM - 10:30 AM,,,bt
453,1RV26CSE274,Lakshmi Singh,CSE,B,9:15 AM - 10:30 AM,,,mca
454,1RV26CSE275,Aryan Yadav,CSE,B,9:15 AM - 10:30 AM,,,bt
455,1RV26CSE276,Rishi Iyer,CSE,A,9:15 AM - 10:30 AM,10:30 AM - 11:00 AM,11:00 AM - 11:45 AM,ise
456,1RV26CSE277,Neha Jain,CSE,A,9:15 AM - 10:30 AM,10:30 AM - 11:00 AM,11:00 AM - 11:45 AM,ise
457,1RV26CSE278,Sahana Soni,CSE,A,9:15 AM - 10:30 AM,10:30 AM - 11:00 AM,11:00 AM - 11:45 AM,ise
458,1RV26CSE279,Ishan Mehta,CSE,B,9:15 AM - 10:30 AM,,,bt
459,1RV26CSE280,Shashank Rao,CSE,A,9:15 AM - 10:30 AM,10:30 AM - 11:00 AM,11:00 AM - 11:45 AM,ise
460,1RV26CSE281,Neha Verma,CSE,B,9:15 AM - 10:30 AM,,,mca
461,1RV26CSE282,Siddharth Hegde,CSE,A,9:15 AM - 10:30 AM,10:30 AM - 11:00 AM,11:00 AM - 11:45 AM,ise
462,1RV26CSE283,Kunal Yadav,CSE,B,9:15 AM - 10:30 AM,,,bt
463,1RV26CSE284,Aryan Verma,CSE,A,9:15 AM - 10:30 AM,10:30 AM - 11:00 AM,11:00 AM - 11:45 AM,ise
464,1RV26CSE285,Harini Das,CSE,B,9:15 AM - 10:30 AM,,,mca
465,1RV26CSE286,Karthik Bhat,CSE,B,9:15 AM - 10:30 AM,,,bt
466,1RV26CSE287,Karthik Gowda,CSE,B,9:15 AM - 10:30 AM,,,bt
467,1RV26CSE288,Tanvi Yadav,CSE,B,9:15 AM - 10:30 AM,,,mca
468,1RV26CSE289,Vaishnavi Yadav,CSE,B,9:15 AM - 10:30 AM,,,mca
469,1RV26CSE290,Aditya Mishra,CSE,A,9:15 AM - 10:30 AM,10:30 AM - 11:00 AM,11:00 AM - 11:45 AM,ise
470,1RV26CSE291,Kunal Mishra,CSE,A,9:15 AM - 10:30 AM,10:30 AM - 11:00 AM,11:00 AM - 11:45 AM,ise
471,1RV26CSE292,Aman Naik,CSE,A,9:15 AM - 10:30 AM,10:30 AM - 11:00 AM,11:00 AM - 11:45 AM,ise
472,1RV26CSE293,Pooja Mishra,CSE,B,9:15 AM - 10:30 AM,,,mca
473,1RV26CSE294,Manya Verma,CSE,A,9:15 AM - 10:30 AM,10:30 AM - 11:00 AM,11:00 AM - 11:45 AM,ise
474,1RV26CSE295,Vaishnavi Iyer,CSE,A,9:15 AM - 10:30 AM,10:30 AM - 11:00 AM,11:00 AM - 11:45 AM,ise
475,1RV26CSE296,Varun Menon,CSE,B,9:15 AM - 10:30 AM,,,bt
476,1RV26CSE297,Nisha Gowda,CSE,A,9:15 AM - 10:30 AM,10:30 AM - 11:00 AM,11:00 AM - 11:45 AM,ise
477,1RV26CSE298,Aman Singh,CSE,B,9:15 AM - 10:30 AM,,,bt
478,1RV26CSE299,Shruti Kapoor,CSE,A,9:15 AM - 10:30 AM,10:30 AM - 11:00 AM,11:00 AM - 11:45 AM,ise
479,1RV26CSE300,Rachana Sharma,CSE,A,9:15 AM - 10:30 AM,10:30 AM - 11:00 AM,11:00 AM - 11:45 AM,ise
480,1RV26CSE301,Neha Hegde,CSE,A,9:15 AM - 10:30 AM,10:30 AM - 11:00 AM,11:00 AM - 11:45 AM,ise
481,1RV26CSE302,Manya Iyer,CSE,A,9:15 AM - 10:30 AM,10:30 AM - 11:00 AM,11:00 AM - 11:45 AM,ise
482,1RV26CSE303,Nikhil Iyer,CSE,B,9:15 AM - 10:30 AM,,,bt
483,1RV26CSE304,Vishal Kulkarni,CSE,A,9:15 AM - 10:30 AM,10:30 AM - 11:00 AM,11:00 AM - 11:45 AM,ise
484,1RV26CSE305,Manya Singh,CSE,B,9:15 AM - 10:30 AM,,,mca
485,1RV26CSE306,Karthik Soni,CSE,A,9:15 AM - 10:30 AM,10:30 AM - 11:00 AM,11:00 AM - 11:45 AM,ise
486,1RV26CSE307,Divya Sharma,CSE,A,9:15 AM - 10:30 AM,10:30 AM - 11:00 AM,11:00 AM - 11:45 AM,ise
487,1RV26CSE308,Pooja Kapoor,CSE,A,9:15 AM - 10:30 AM,10:30 AM - 11:00 AM,11:00 AM - 11:45 AM,ise
488,1RV26CSE309,Aman Iyer,CSE,B,9:15 AM - 10:30 AM,,,bt
489,1RV26CSE310,Priya Jain,CSE,B,9:15 AM - 10:30 AM,,,mca
490,1RV26CSE311,Vihaan Patil,CSE,A,9:15 AM - 10:30 AM,10:30 AM - 11:00 AM,11:00 AM - 11:45 AM,ise
491,1RV26CSE312,Meera Gowda,CSE,B,9:15 AM - 10:30 AM,,,mca
492,1RV26CSE313,Vivek Shetty,CSE,A,9:15 AM - 10:30 AM,10:30 AM - 11:00 AM,11:00 AM - 11:45 AM,ise
493,1RV26CSE314,Nisha Reddy,CSE,A,9:15 AM - 10:30 AM,10:30 AM - 11:00 AM,11:00 AM - 11:45 AM,ise
494,1RV26CSE315,Lakshmi Gupta,CSE,B,9:15 AM - 10:30 AM,,,mca
495,1RV26CSE316,Nandini Kale,CSE,B,9:15 AM - 10:30 AM,,,mca
496,1RV26CSE317,Dhruv Patil,CSE,A,9:15 AM - 10:30 AM,10:30 AM - 11:00 AM,11:00 AM - 11:45 AM,ise
497,1RV26CSE318,Pranav Menon,CSE,B,9:15 AM - 10:30 AM,,,bt
498,1RV26CSE319,Vishal Kapoor,CSE,A,9:15 AM - 10:30 AM,10:30 AM - 11:00 AM,11:00 AM - 11:45 AM,ise
499,1RV26CSE320,Nandini Mehta,CSE,B,9:15 AM - 10:30 AM,,,bt
500,1RV26CSE321,Shashank Gupta,CSE,A,9:15 AM - 10:30 AM,10:30 AM - 11:00 AM,11:00 AM - 11:45 AM,ise
501,1RV26CSE322,Sanjana Gupta,CSE,A,9:15 AM - 10:30 AM,10:30 AM - 11:00 AM,11:00 AM - 11:45 AM,ise
502,1RV26CSE323,Diya Pandey,CSE,B,9:15 AM - 10:30 AM,,,bt
503,1RV26CSE324,Karthik Hegde,CSE,A,9:15 AM - 10:30 AM,10:30 AM - 11:00 AM,11:00 AM - 11:45 AM,ise
504,1RV26CSE325,Sanjana Naik,CSE,B,9:15 AM - 10:30 AM,,,bt
505,1RV26CSE326,Tejas Mehta,CSE,A,9:15 AM - 10:30 AM,10:30 AM - 11:00 AM,11:00 AM - 11:45 AM,ise
506,1RV26CSE327,Rachana Rao,CSE,A,9:15 AM - 10:30 AM,10:30 AM - 11:00 AM,11:00 AM - 11:45 AM,ise
507,1RV26CSE328,Meera Shetty,CSE,B,9:15 AM - 10:30 AM,,,bt
508,1RV26CSE329,Tanvi Joshi,CSE,A,9:15 AM - 10:30 AM,10:30 AM - 11:00 AM,11:00 AM - 11:45 AM,ise
509,1RV26CSE330,Arjun Mishra,CSE,B,9:15 AM - 10:30 AM,,,bt
510,1RV26CSE331,Ishan Kapoor,CSE,B,9:15 AM - 10:30 AM,,,bt
511,1RV26CSE332,Aryan Shetty,CSE,A,9:15 AM - 10:30 AM,10:30 AM - 11:00 AM,11:00 AM - 11:45 AM,ise
512,1RV26CSE333,Pragya Chauhan,CSE,A,9:15 AM - 10:30 AM,10:30 AM - 11:00 AM,11:00 AM - 11:45 AM,ise
513,1RV26CSE334,Vishal Sharma,CSE,A,9:15 AM - 10:30 AM,10:30 AM - 11:00 AM,11:00 AM - 11:45 AM,ise
514,1RV26CSE335,Sneha Das,CSE,A,9:15 AM - 10:30 AM,10:30 AM - 11:00 AM,11:00 AM - 11:45 AM,classroom 1
515,1RV26CSE336,Anika Desai,CSE,B,9:15 AM - 10:30 AM,,,bt
516,1RV26CSE337,Aarav Rao,CSE,B,9:15 AM - 10:30 AM,,,bt
517,1RV26CSE338,Aarav Gupta,CSE,A,9:15 AM - 10:30 AM,10:30 AM - 11:00 AM,11:00 AM - 11:45 AM,ise
518,1RV26CSE339,Aman Yadav,CSE,B,9:15 AM - 10:30 AM,,,bt
519,1RV26CSE340,Sahana Menon,CSE,A,9:15 AM - 10:30 AM,10:30 AM - 11:00 AM,11:00 AM - 11:45 AM,classroom 1
520,1RV26CSE341,Sahana Yadav,CSE,A,9:15 AM - 10:30 AM,10:30 AM - 11:00 AM,11:00 AM - 11:45 AM,classroom 1
521,1RV26CSE342,Nandini Jain,CSE,A,9:15 AM - 10:30 AM,10:30 AM - 11:00 AM,11:00 AM - 11:45 AM,classroom 1
522,1RV26CSE343,Harini Singh,CSE,A,9:15 AM - 10:30 AM,10:30 AM - 11:00 AM,11:00 AM - 11:45 AM,classroom 1
523,1RV26CSE344,Yash Verma,CSE,A,9:15 AM - 10:30 AM,10:30 AM - 11:00 AM,11:00 AM - 11:45 AM,ise
524,1RV26CSE345,Lakshmi Reddy,CSE,B,9:15 AM - 10:30 AM,,,bt
525,1RV26CSE346,Ritvik Sharma,CSE,A,9:15 AM - 10:30 AM,10:30 AM - 11:00 AM,11:00 AM - 11:45 AM,ise
526,1RV26CSE347,Shruti Hegde,CSE,B,9:15 AM - 10:30 AM,,,bt
527,1RV26CSE348,Dhruv Gowda,CSE,B,9:15 AM - 10:30 AM,,,bt
528,1RV26CSE349,Aarohi Shetty,CSE,B,9:15 AM - 10:30 AM,,,bt
529,1RV26CSE350,Nandini Iyer,CSE,A,9:15 AM - 10:30 AM,10:30 AM - 11:00 AM,11:00 AM - 11:45 AM,classroom 1
530,1RV26CSE351,Harini Mishra,CSE,B,9:15 AM - 10:30 AM,,,bt
531,1RV26CSE352,Yash Desai,CSE,A,9:15 AM - 10:30 AM,10:30 AM - 11:00 AM,11:00 AM - 11:45 AM,classroom 1
532,1RV26CSE353,Sanjana Yadav,CSE,A,9:15 AM - 10:30 AM,10:30 AM - 11:00 AM,11:00 AM - 11:45 AM,classroom 1
533,1RV26CSE354,Kunal Sharma,CSE,A,9:15 AM - 10:30 AM,10:30 AM - 11:00 AM,11:00 AM - 11:45 AM,classroom 1
534,1RV26CSE355,Rishi Gowda,CSE,B,9:15 AM - 10:30 AM,,,bt
535,1RV26CSE356,Sneha Singh,CSE,B,9:15 AM - 10:30 AM,,,bt
536,1RV26CSE357,Vihaan Chauhan,CSE,A,9:15 AM - 10:30 AM,10:30 AM - 11:00 AM,11:00 AM - 11:45 AM,classroom 1
537,1RV26CSE358,Ishan Chauhan,CSE,A,9:15 AM - 10:30 AM,10:30 AM - 11:00 AM,11:00 AM - 11:45 AM,classroom 1
538,1RV26CSE359,Shruti Rao,CSE,A,9:15 AM - 10:30 AM,10:30 AM - 11:00 AM,11:00 AM - 11:45 AM,classroom 1
539,1RV26CSE360,Aditya Naik,CSE,A,9:15 AM - 10:30 AM,10:30 AM - 11:00 AM,11:00 AM - 11:45 AM,classroom 1
540,1RV26CSE361,Diya Kumar,CSE,B,9:15 AM - 10:30 AM,,,bt
541,1RV26CSE362,Sanjana Bhat,CSE,B,9:15 AM - 10:30 AM,,,bt
542,1RV26CSE363,Harini Verma,CSE,B,9:15 AM - 10:30 AM,,,bt
543,1RV26CSE364,Varun Iyer,CSE,A,9:15 AM - 10:30 AM,10:30 AM - 11:00 AM,11:00 AM - 11:45 AM,classroom 1
544,1RV26CSE365,Ishita Das,CSE,A,9:15 AM - 10:30 AM,10:30 AM - 11:00 AM,11:00 AM - 11:45 AM,classroom 1
545,1RV26CSE366,Priya Mishra,CSE,B,9:15 AM - 10:30 AM,,,bt
546,1RV26CSE367,Manya Pawar,CSE,B,9:15 AM - 10:30 AM,,,bt
547,1RV26CSE368,Rachana Mishra,CSE,A,9:15 AM - 10:30 AM,10:30 AM - 11:00 AM,11:00 AM - 11:45 AM,classroom 1
548,1RV26CSE369,Madhav Das,CSE,B,9:15 AM - 10:30 AM,,,bt
549,1RV26CSE370,Harsh Mishra,CSE,A,9:15 AM - 10:30 AM,10:30 AM - 11:00 AM,11:00 AM - 11:45 AM,classroom 1
550,1RV26CSE371,Neha Iyer,CSE,B,9:15 AM - 10:30 AM,,,bt
551,1RV26CSE372,Vivek Kapoor,CSE,B,9:15 AM - 10:30 AM,,,classroom 3
552,1RV26CSE373,Krishna Verma,CSE,A,9:15 AM - 10:30 AM,10:30 AM - 11:00 AM,11:00 AM - 11:45 AM,classroom 1
553,1RV26CSE374,Arjun Das,CSE,B,9:15 AM - 10:30 AM,,,classroom 3
554,1RV26CSE375,Lakshmi Jain,CSE,B,9:15 AM - 10:30 AM,,,bt
555,1RV26CSE376,Rohan Naik,CSE,B,9:15 AM - 10:30 AM,,,classroom 3
556,1RV26CSE377,Rachana Rao,CSE,B,9:15 AM - 10:30 AM,,,bt
557,1RV26CSE378,Nandini Sharma,CSE,B,9:15 AM - 10:30 AM,,,bt
558,1RV26CSE379,Pooja Kale,CSE,B,9:15 AM - 10:30 AM,,,bt
559,1RV26CSE380,Naveen Mishra,CSE,A,9:15 AM - 10:30 AM,10:30 AM - 11:00 AM,11:00 AM - 11:45 AM,classroom 1
560,1RV26CSE381,Aarohi Mehta,CSE,A,9:15 AM - 10:30 AM,10:30 AM - 11:00 AM,11:00 AM - 11:45 AM,classroom 1
561,1RV26CSE382,Harini Patil,CSE,B,9:15 AM - 10:30 AM,,,classroom 3
562,1RV26CSE383,Arjun Rao,CSE,A,9:15 AM - 10:30 AM,10:30 AM - 11:00 AM,11:00 AM - 11:45 AM,classroom 1
563,1RV26CSE384,Rahul Desai,CSE,B,9:15 AM - 10:30 AM,,,classroom 3
564,1RV26CSE385,Anirudh Menon,CSE,A,9:15 AM - 10:30 AM,10:30 AM - 11:00 AM,11:00 AM - 11:45 AM,classroom 1
565,1RV26CSE386,Manya Jain,CSE,B,9:15 AM - 10:30 AM,,,classroom 3
566,1RV26CSE387,Tejas Nair,CSE,A,9:15 AM - 10:30 AM,10:30 AM - 11:00 AM,11:00 AM - 11:45 AM,classroom 1
567,1RV26CSE388,Sanjana Reddy,CSE,A,9:15 AM - 10:30 AM,10:30 AM - 11:00 AM,11:00 AM - 11:45 AM,classroom 1
568,1RV26CSE389,Vivek Jain,CSE,A,9:15 AM - 10:30 AM,10:30 AM - 11:00 AM,11:00 AM - 11:45 AM,classroom 1
569,1RV26CSE390,Aditi Pandey,CSE,A,9:15 AM - 10:30 AM,10:30 AM - 11:00 AM,11:00 AM - 11:45 AM,classroom 1
570,1RV26CSE391,Aditi Nair,CSE,B,9:15 AM - 10:30 AM,,,classroom 3
571,1RV26CSE392,Tejas Pandey,CSE,B,9:15 AM - 10:30 AM,,,classroom 3
572,1RV26CSE393,Ishan Bhat,CSE,A,9:15 AM - 10:30 AM,10:30 AM - 11:00 AM,11:00 AM - 11:45 AM,classroom 1
573,1RV26CSE394,Siddharth Pawar,CSE,A,9:15 AM - 10:30 AM,10:30 AM - 11:00 AM,11:00 AM - 11:45 AM,classroom 2
574,1RV26CSE395,Rachana Sharma,CSE,A,9:15 AM - 10:30 AM,10:30 AM - 11:00 AM,11:00 AM - 11:45 AM,classroom 1
575,1RV26CSE396,Pranav Shetty,CSE,A,9:15 AM - 10:30 AM,10:30 AM - 11:00 AM,11:00 AM - 11:45 AM,classroom 2
576,1RV26CSE397,Ritika Chauhan,CSE,B,9:15 AM - 10:30 AM,,,classroom 3
577,1RV26CSE398,Arjun Pandey,CSE,A,9:15 AM - 10:30 AM,10:30 AM - 11:00 AM,11:00 AM - 11:45 AM,classroom 2
578,1RV26CSE399,Sai Joshi,CSE,A,9:15 AM - 10:30 AM,10:30 AM - 11:00 AM,11:00 AM - 11:45 AM,classroom 2
579,1RV26CSE400,Dhruv Soni,CSE,A,9:15 AM - 10:30 AM,10:30 AM - 11:00 AM,11:00 AM - 11:45 AM,classroom 2
580,1RV26CSE401,Tanvi Kumar,CSE,B,9:15 AM - 10:30 AM,,,classroom 3
581,1RV26CSE402,Shruti Joshi,CSE,A,9:15 AM - 10:30 AM,10:30 AM - 11:00 AM,11:00 AM - 11:45 AM,classroom 2
582,1RV26CSE403,Rahul Gowda,CSE,B,9:15 AM - 10:30 AM,,,classroom 3
583,1RV26CSE404,Pooja Naik,CSE,A,9:15 AM - 10:30 AM,10:30 AM - 11:00 AM,11:00 AM - 11:45 AM,classroom 2
584,1RV26CSE405,Pranav Menon,CSE,A,9:15 AM - 10:30 AM,10:30 AM - 11:00 AM,11:00 AM - 11:45 AM,classroom 2
585,1RV26CSE406,Nandini Mishra,CSE,B,9:15 AM - 10:30 AM,,,classroom 3
586,1RV26CSE407,Dhruv Yadav,CSE,B,9:15 AM - 10:30 AM,,,classroom 3
587,1RV26CSE408,Karthik Soni,CSE,A,9:15 AM - 10:30 AM,10:30 AM - 11:00 AM,11:00 AM - 11:45 AM,classroom 2
588,1RV26CSE409,Dhruv Jain,CSE,B,9:15 AM - 10:30 AM,,,classroom 3
589,1RV26CSE410,Krishna Kale,CSE,A,9:15 AM - 10:30 AM,10:30 AM - 11:00 AM,11:00 AM - 11:45 AM,classroom 2
590,1RV26CSE411,Anjali Pandey,CSE,B,9:15 AM - 10:30 AM,,,classroom 3
591,1RV26CSE412,Charvi Menon,CSE,A,9:15 AM - 10:30 AM,10:30 AM - 11:00 AM,11:00 AM - 11:45 AM,classroom 2
592,1RV26CSE413,Naveen Desai,CSE,B,9:15 AM - 10:30 AM,,,classroom 3
593,1RV26CSE414,Nandini Das,CSE,A,9:15 AM - 10:30 AM,10:30 AM - 11:00 AM,11:00 AM - 11:45 AM,classroom 2
594,1RV26CSE415,Nisha Joshi,CSE,B,9:15 AM - 10:30 AM,,,classroom 3
595,1RV26CSE416,Nandini Pandey,CSE,B,9:15 AM - 10:30 AM,,,classroom 3
596,1RV26CSE417,Pranav Pawar,CSE,B,9:15 AM - 10:30 AM,,,classroom 3
597,1RV26CSE418,Tanvi Joshi,CSE,A,9:15 AM - 10:30 AM,10:30 AM - 11:00 AM,11:00 AM - 11:45 AM,classroom 2
598,1RV26CSE419,Naveen Kumar,CSE,B,9:15 AM - 10:30 AM,,,classroom 3
599,1RV26CSE420,Shruti Hegde,CSE,B,9:15 AM - 10:30 AM,,,classroom 3
600,1RV26CSE421,Neha Yadav,CSE,B,9:15 AM - 10:30 AM,,,classroom 3
601,1RV26CSE422,Anika Gowda,CSE,A,9:15 AM - 10:30 AM,10:30 AM - 11:00 AM,11:00 AM - 11:45 AM,classroom 2
602,1RV26CSE423,Ishita Pawar,CSE,A,9:15 AM - 10:30 AM,10:30 AM - 11:00 AM,11:00 AM - 11:45 AM,classroom 2
603,1RV26CSE424,Tanvi Joshi,CSE,A,9:15 AM - 10:30 AM,10:30 AM - 11:00 AM,11:00 AM - 11:45 AM,classroom 2
604,1RV26CSE425,Kunal Bhat,CSE,A,9:15 AM - 10:30 AM,10:30 AM - 11:00 AM,11:00 AM - 11:45 AM,classroom 2
605,1RV26CSE426,Karthik Pandey,CSE,B,9:15 AM - 10:30 AM,,,classroom 3
606,1RV26CSE427,Aarohi Chauhan,CSE,A,9:15 AM - 10:30 AM,10:30 AM - 11:00 AM,11:00 AM - 11:45 AM,classroom 2
607,1RV26CSE428,Harini Soni,CSE,B,9:15 AM - 10:30 AM,,,classroom 3
608,1RV26CSE429,Aditi Desai,CSE,B,9:15 AM - 10:30 AM,,,classroom 3
609,1RV26CSE430,Yash Gowda,CSE,B,9:15 AM - 10:30 AM,,,classroom 3
610,1RV26CSE431,Nandini Rao,CSE,A,9:15 AM - 10:30 AM,10:30 AM - 11:00 AM,11:00 AM - 11:45 AM,classroom 2
611,1RV26CSE432,Rohan Singh,CSE,A,9:15 AM - 10:30 AM,10:30 AM - 11:00 AM,11:00 AM - 11:45 AM,classroom 2
612,1RV26CSE433,Nandini Soni,CSE,A,9:15 AM - 10:30 AM,10:30 AM - 11:00 AM,11:00 AM - 11:45 AM,classroom 2
613,1RV26CSE434,Vihaan Sharma,CSE,A,9:15 AM - 10:30 AM,10:30 AM - 11:00 AM,11:00 AM - 11:45 AM,classroom 2
614,1RV26CSE435,Charvi Gupta,CSE,A,9:15 AM - 10:30 AM,10:30 AM - 11:00 AM,11:00 AM - 11:45 AM,classroom 2
615,1RV26CSE436,Karthik Desai,CSE,A,9:15 AM - 10:30 AM,10:30 AM - 11:00 AM,11:00 AM - 11:45 AM,classroom 2
616,1RV26CSE437,Aditi Mehta,CSE,B,9:15 AM - 10:30 AM,,,classroom 3
617,1RV26CSE438,Vishal Singh,CSE,A,9:15 AM - 10:30 AM,10:30 AM - 11:00 AM,11:00 AM - 11:45 AM,classroom 2
618,1RV26CSE439,Sai Verma,CSE,B,9:15 AM - 10:30 AM,,,classroom 3
619,1RV26CSE440,Aarav Desai,CSE,A,9:15 AM - 10:30 AM,10:30 AM - 11:00 AM,11:00 AM - 11:45 AM,classroom 2
620,1RV26CSE441,Ishita Kale,CSE,A,9:15 AM - 10:30 AM,10:30 AM - 11:00 AM,11:00 AM - 11:45 AM,classroom 2
621,1RV26CSE442,Anika Desai,CSE,A,9:15 AM - 10:30 AM,10:30 AM - 11:00 AM,11:00 AM - 11:45 AM,classroom 2
622,1RV26CV001,Meera Kumar,CE,B,9:15 AM - 10:30 AM,,,mca
623,1RV26CV002,Shashank Mehta,CE,A,9:15 AM - 10:30 AM,10:30 AM - 11:00 AM,11:00 AM - 11:45 AM,ete
624,1RV26CV003,Vishal Gupta,CE,A,9:15 AM - 10:30 AM,10:30 AM - 11:00 AM,11:00 AM - 11:45 AM,ise
625,1RV26CV004,Neha Mishra,CE,B,9:15 AM - 10:30 AM,,,bt
626,1RV26CV005,Rachana Reddy,CE,A,9:15 AM - 10:30 AM,10:30 AM - 11:00 AM,11:00 AM - 11:45 AM,ete
627,1RV26CV006,Aryan Kale,CE,B,9:15 AM - 10:30 AM,,,mca
628,1RV26CV007,Diya Kale,CE,A,9:15 AM - 10:30 AM,10:30 AM - 11:00 AM,11:00 AM - 11:45 AM,ete
629,1RV26CV008,Naveen Kulkarni,CE,B,9:15 AM - 10:30 AM,,,mca
630,1RV26CV009,Aarohi Chauhan,CE,B,9:15 AM - 10:30 AM,,,bt
631,1RV26CV010,Ishita Naik,CE,A,9:15 AM - 10:30 AM,10:30 AM - 11:00 AM,11:00 AM - 11:45 AM,ise
632,1RV26CV011,Anirudh Mishra,CE,B,9:15 AM - 10:30 AM,,,bt
633,1RV26CV012,Varun Kale,CE,B,9:15 AM - 10:30 AM,,,bt
634,1RV26CV013,Aditya Mishra,CE,A,9:15 AM - 10:30 AM,10:30 AM - 11:00 AM,11:00 AM - 11:45 AM,ise
635,1RV26CV014,Aarohi Iyer,CE,B,9:15 AM - 10:30 AM,,,classroom 3
636,1RV26CV015,Divya Desai,CE,A,9:15 AM - 10:30 AM,10:30 AM - 11:00 AM,11:00 AM - 11:45 AM,ise
637,1RV26CV016,Pranav Gowda,CE,A,9:15 AM - 10:30 AM,10:30 AM - 11:00 AM,11:00 AM - 11:45 AM,ise
638,1RV26CV017,Priya Gowda,CE,A,9:15 AM - 10:30 AM,10:30 AM - 11:00 AM,11:00 AM - 11:45 AM,classroom 1
639,1RV26CV018,Vishal Soni,CE,A,9:15 AM - 10:30 AM,10:30 AM - 11:00 AM,11:00 AM - 11:45 AM,classroom 1
640,1RV26CV019,Rahul Rao,CE,B,9:15 AM - 10:30 AM,,,classroom 3
641,1RV26CV020,Anika Reddy,CE,A,9:15 AM - 10:30 AM,10:30 AM - 11:00 AM,11:00 AM - 11:45 AM,classroom 1
642,1RV26CV021,Ananya Naik,CE,A,9:15 AM - 10:30 AM,10:30 AM - 11:00 AM,11:00 AM - 11:45 AM,classroom 2
643,1RV26CV022,Naveen Pandey,CE,A,9:15 AM - 10:30 AM,10:30 AM - 11:00 AM,11:00 AM - 11:45 AM,classroom 1
644,1RV26CV023,Kunal Shetty,CE,A,9:15 AM - 10:30 AM,10:30 AM - 11:00 AM,11:00 AM - 11:45 AM,classroom 2
645,1RV26CV024,Ritika Pandey,CE,A,9:15 AM - 10:30 AM,10:30 AM - 11:00 AM,11:00 AM - 11:45 AM,classroom 2
646,1RV26CV025,Bhavana Sharma,CE,B,9:15 AM - 10:30 AM,,,classroom 3
647,1RV26CV026,Aman Shetty,CE,B,9:15 AM - 10:30 AM,,,classroom 3
648,1RV26CV027,Naveen Gowda,CE,A,9:15 AM - 10:30 AM,10:30 AM - 11:00 AM,11:00 AM - 11:45 AM,classroom 2
649,1RV26CY001,Pragya Bhat,CS,B,9:15 AM - 10:30 AM,,,civil
650,1RV26CY002,Siddharth Pawar,CS,A,9:15 AM - 10:30 AM,10:30 AM - 11:00 AM,11:00 AM - 11:45 AM,ece
651,1RV26CY003,Meera Mishra,CS,B,9:15 AM - 10:30 AM,,,civil
652,1RV26CY004,Dhruv Pawar,CS,B,9:15 AM - 10:30 AM,,,civil
653,1RV26CY005,Ritika Mishra,CS,A,9:15 AM - 10:30 AM,10:30 AM - 11:00 AM,11:00 AM - 11:45 AM,ece
654,1RV26CY006,Harini Nair,CS,A,9:15 AM - 10:30 AM,10:30 AM - 11:00 AM,11:00 AM - 11:45 AM,ece
655,1RV26CY007,Madhav Patil,CS,B,9:15 AM - 10:30 AM,,,civil
656,1RV26CY008,Vishal Kale,CS,B,9:15 AM - 10:30 AM,,,civil
657,1RV26CY009,Ishan Soni,CS,A,9:15 AM - 10:30 AM,10:30 AM - 11:00 AM,11:00 AM - 11:45 AM,ece
658,1RV26CY010,Manya Chauhan,CS,B,9:15 AM - 10:30 AM,,,civil
659,1RV26CY011,Madhav Reddy,CS,B,9:15 AM - 10:30 AM,,,chemical
660,1RV26CY012,Lakshmi Kapoor,CS,B,9:15 AM - 10:30 AM,,,chemical
661,1RV26CY013,Aryan Singh,CS,A,9:15 AM - 10:30 AM,10:30 AM - 11:00 AM,11:00 AM - 11:45 AM,ece
662,1RV26CY014,Kunal Desai,CS,B,9:15 AM - 10:30 AM,,,chemical
663,1RV26CY015,Anirudh Kapoor,CS,B,9:15 AM - 10:30 AM,,,mca
664,1RV26CY016,Ritvik Nair,CS,A,9:15 AM - 10:30 AM,10:30 AM - 11:00 AM,11:00 AM - 11:45 AM,ete
665,1RV26CY017,Pragya Bhat,CS,A,9:15 AM - 10:30 AM,10:30 AM - 11:00 AM,11:00 AM - 11:45 AM,ece
666,1RV26CY018,Ritvik Naik,CS,B,9:15 AM - 10:30 AM,,,mca
667,1RV26CY019,Diya Joshi,CS,A,9:15 AM - 10:30 AM,10:30 AM - 11:00 AM,11:00 AM - 11:45 AM,ete
668,1RV26CY020,Kunal Gowda,CS,A,9:15 AM - 10:30 AM,10:30 AM - 11:00 AM,11:00 AM - 11:45 AM,ete
669,1RV26CY021,Meera Kale,CS,A,9:15 AM - 10:30 AM,10:30 AM - 11:00 AM,11:00 AM - 11:45 AM,ete
670,1RV26CY022,Neha Patil,CS,A,9:15 AM - 10:30 AM,10:30 AM - 11:00 AM,11:00 AM - 11:45 AM,ise
671,1RV26CY023,Sahana Yadav,CS,B,9:15 AM - 10:30 AM,,,chemical
672,1RV26CY024,Pooja Soni,CS,A,9:15 AM - 10:30 AM,10:30 AM - 11:00 AM,11:00 AM - 11:45 AM,ise
673,1RV26CY025,Vaishnavi Mehta,CS,B,9:15 AM - 10:30 AM,,,mca
674,1RV26CY026,Rohan Kumar,CS,A,9:15 AM - 10:30 AM,10:30 AM - 11:00 AM,11:00 AM - 11:45 AM,ise
675,1RV26CY027,Shruti Jain,CS,B,9:15 AM - 10:30 AM,,,mca
676,1RV26CY028,Manya Yadav,CS,A,9:15 AM - 10:30 AM,10:30 AM - 11:00 AM,11:00 AM - 11:45 AM,classroom 1
677,1RV26CY029,Tejas Nair,CS,B,9:15 AM - 10:30 AM,,,bt
678,1RV26CY030,Vihaan Nair,CS,A,9:15 AM - 10:30 AM,10:30 AM - 11:00 AM,11:00 AM - 11:45 AM,ise
679,1RV26CY031,Diya Chauhan,CS,B,9:15 AM - 10:30 AM,,,bt
680,1RV26CY032,Sai Naik,CS,A,9:15 AM - 10:30 AM,10:30 AM - 11:00 AM,11:00 AM - 11:45 AM,classroom 1
681,1RV26CY033,Meera Soni,CS,A,9:15 AM - 10:30 AM,10:30 AM - 11:00 AM,11:00 AM - 11:45 AM,classroom 2
682,1RV26CY034,Ishan Nair,CS,A,9:15 AM - 10:30 AM,10:30 AM - 11:00 AM,11:00 AM - 11:45 AM,classroom 2
683,1RV26CY035,Nandini Nair,CS,B,9:15 AM - 10:30 AM,,,classroom 3
684,1RV26CY036,Harsh Iyer,CS,B,9:15 AM - 10:30 AM,,,classroom 3
685,1RV26DS001,Ishita Iyer,DS,B,9:15 AM - 10:30 AM,,,civil
686,1RV26DS002,Meera Sharma,DS,B,9:15 AM - 10:30 AM,,,civil
687,1RV26DS003,Aditi Das,DS,A,9:15 AM - 10:30 AM,10:30 AM - 11:00 AM,11:00 AM - 11:45 AM,ece
688,1RV26DS004,Aryan Shetty,DS,A,9:15 AM - 10:30 AM,10:30 AM - 11:00 AM,11:00 AM - 11:45 AM,ece
689,1RV26DS005,Vihaan Kulkarni,DS,B,9:15 AM - 10:30 AM,,,civil
690,1RV26DS006,Vaishnavi Menon,DS,B,9:15 AM - 10:30 AM,,,civil
691,1RV26DS007,Madhav Singh,DS,B,9:15 AM - 10:30 AM,,,civil
692,1RV26DS008,Nikhil Kumar,DS,A,9:15 AM - 10:30 AM,10:30 AM - 11:00 AM,11:00 AM - 11:45 AM,ece
693,1RV26DS009,Krishna Reddy,DS,A,9:15 AM - 10:30 AM,10:30 AM - 11:00 AM,11:00 AM - 11:45 AM,ece
694,1RV26DS010,Nikhil Pawar,DS,A,9:15 AM - 10:30 AM,10:30 AM - 11:00 AM,11:00 AM - 11:45 AM,ece
695,1RV26DS011,Aryan Kumar,DS,A,9:15 AM - 10:30 AM,10:30 AM - 11:00 AM,11:00 AM - 11:45 AM,ete
696,1RV26DS012,Diya Kapoor,DS,A,9:15 AM - 10:30 AM,10:30 AM - 11:00 AM,11:00 AM - 11:45 AM,ece
697,1RV26DS013,Rohan Desai,DS,B,9:15 AM - 10:30 AM,,,civil
698,1RV26DS014,Arjun Hegde,DS,B,9:15 AM - 10:30 AM,,,chemical
699,1RV26DS015,Yash Kumar,DS,A,9:15 AM - 10:30 AM,10:30 AM - 11:00 AM,11:00 AM - 11:45 AM,ete
700,1RV26DS016,Madhav Reddy,DS,B,9:15 AM - 10:30 AM,,,chemical
701,1RV26DS017,Nikhil Kulkarni,DS,A,9:15 AM - 10:30 AM,10:30 AM - 11:00 AM,11:00 AM - 11:45 AM,ise
702,1RV26DS018,Shashank Joshi,DS,A,9:15 AM - 10:30 AM,10:30 AM - 11:00 AM,11:00 AM - 11:45 AM,ise
703,1RV26DS019,Charvi Das,DS,B,9:15 AM - 10:30 AM,,,chemical
704,1RV26DS020,Meera Verma,DS,B,9:15 AM - 10:30 AM,,,chemical
705,1RV26DS021,Divya Pandey,DS,A,9:15 AM - 10:30 AM,10:30 AM - 11:00 AM,11:00 AM - 11:45 AM,ece
706,1RV26DS022,Krishna Das,DS,A,9:15 AM - 10:30 AM,10:30 AM - 11:00 AM,11:00 AM - 11:45 AM,classroom 1
707,1RV26DS023,Pooja Hegde,DS,A,9:15 AM - 10:30 AM,10:30 AM - 11:00 AM,11:00 AM - 11:45 AM,ete
708,1RV26DS024,Shruti Das,DS,A,9:15 AM - 10:30 AM,10:30 AM - 11:00 AM,11:00 AM - 11:45 AM,ete
709,1RV26DS025,Sanjana Kulkarni,DS,A,9:15 AM - 10:30 AM,10:30 AM - 11:00 AM,11:00 AM - 11:45 AM,ise
710,1RV26DS026,Tejas Hegde,DS,B,9:15 AM - 10:30 AM,,,mca
711,1RV26DS027,Shruti Reddy,DS,B,9:15 AM - 10:30 AM,,,mca
712,1RV26DS028,Diya Mehta,DS,B,9:15 AM - 10:30 AM,,,mca
713,1RV26DS029,Sneha Patil,DS,B,9:15 AM - 10:30 AM,,,bt
714,1RV26DS030,Anjali Chauhan,DS,A,9:15 AM - 10:30 AM,10:30 AM - 11:00 AM,11:00 AM - 11:45 AM,ise
715,1RV26DS031,Nandini Shetty,DS,B,9:15 AM - 10:30 AM,,,classroom 3
716,1RV26DS032,Sanjana Sharma,DS,A,9:15 AM - 10:30 AM,10:30 AM - 11:00 AM,11:00 AM - 11:45 AM,classroom 1
717,1RV26DS033,Ishan Jain,DS,A,9:15 AM - 10:30 AM,10:30 AM - 11:00 AM,11:00 AM - 11:45 AM,classroom 2
718,1RV26DS034,Pragya Reddy,DS,A,9:15 AM - 10:30 AM,10:30 AM - 11:00 AM,11:00 AM - 11:45 AM,classroom 2
719,1RV26DS035,Naveen Soni,DS,B,9:15 AM - 10:30 AM,,,mca
720,1RV26DS036,Varun Pawar,DS,B,9:15 AM - 10:30 AM,,,bt
721,1RV26DS037,Dev Kapoor,DS,B,9:15 AM - 10:30 AM,,,classroom 3
722,1RV26ECE001,Pranav Naik,ECE,A,9:15 AM - 10:30 AM,10:30 AM - 11:00 AM,11:00 AM - 11:45 AM,ece
723,1RV26ECE002,Dhruv Naik,ECE,A,9:15 AM - 10:30 AM,10:30 AM - 11:00 AM,11:00 AM - 11:45 AM,ece
724,1RV26ECE003,Anjali Bhat,ECE,B,9:15 AM - 10:30 AM,,,civil
725,1RV26ECE004,Siddharth Nair,ECE,A,9:15 AM - 10:30 AM,10:30 AM - 11:00 AM,11:00 AM - 11:45 AM,ece
726,1RV26ECE005,Anjali Rao,ECE,A,9:15 AM - 10:30 AM,10:30 AM - 11:00 AM,11:00 AM - 11:45 AM,ece
727,1RV26ECE006,Harini Hegde,ECE,A,9:15 AM - 10:30 AM,10:30 AM - 11:00 AM,11:00 AM - 11:45 AM,ece
728,1RV26ECE007,Harsh Mehta,ECE,B,9:15 AM - 10:30 AM,,,civil
729,1RV26ECE008,Naveen Kapoor,ECE,B,9:15 AM - 10:30 AM,,,civil
730,1RV26ECE009,Rohan Shetty,ECE,B,9:15 AM - 10:30 AM,,,civil
731,1RV26ECE010,Tanvi Joshi,ECE,B,9:15 AM - 10:30 AM,,,civil
732,1RV26ECE011,Ishita Mehta,ECE,A,9:15 AM - 10:30 AM,10:30 AM - 11:00 AM,11:00 AM - 11:45 AM,ece
733,1RV26ECE012,Riya Mehta,ECE,B,9:15 AM - 10:30 AM,,,civil
734,1RV26ECE013,Madhav Desai,ECE,B,9:15 AM - 10:30 AM,,,civil
735,1RV26ECE014,Riya Gowda,ECE,A,9:15 AM - 10:30 AM,10:30 AM - 11:00 AM,11:00 AM - 11:45 AM,ece
736,1RV26ECE015,Madhav Patil,ECE,A,9:15 AM - 10:30 AM,10:30 AM - 11:00 AM,11:00 AM - 11:45 AM,ece
737,1RV26ECE016,Sai Patil,ECE,A,9:15 AM - 10:30 AM,10:30 AM - 11:00 AM,11:00 AM - 11:45 AM,ece
738,1RV26ECE017,Naveen Hegde,ECE,A,9:15 AM - 10:30 AM,10:30 AM - 11:00 AM,11:00 AM - 11:45 AM,ece
739,1RV26ECE018,Aman Gupta,ECE,A,9:15 AM - 10:30 AM,10:30 AM - 11:00 AM,11:00 AM - 11:45 AM,ece
740,1RV26ECE019,Priya Soni,ECE,A,9:15 AM - 10:30 AM,10:30 AM - 11:00 AM,11:00 AM - 11:45 AM,ece
741,1RV26ECE020,Sahana Naik,ECE,A,9:15 AM - 10:30 AM,10:30 AM - 11:00 AM,11:00 AM - 11:45 AM,ece
742,1RV26ECE021,Bhavana Patil,ECE,B,9:15 AM - 10:30 AM,,,civil
743,1RV26ECE022,Dev Gowda,ECE,B,9:15 AM - 10:30 AM,,,civil
744,1RV26ECE023,Aarav Joshi,ECE,A,9:15 AM - 10:30 AM,10:30 AM - 11:00 AM,11:00 AM - 11:45 AM,ece
745,1RV26ECE024,Divya Sharma,ECE,A,9:15 AM - 10:30 AM,10:30 AM - 11:00 AM,11:00 AM - 11:45 AM,ece
746,1RV26ECE025,Ishita Naik,ECE,A,9:15 AM - 10:30 AM,10:30 AM - 11:00 AM,11:00 AM - 11:45 AM,ece
747,1RV26ECE026,Bhavana Shetty,ECE,B,9:15 AM - 10:30 AM,,,civil
748,1RV26ECE027,Bhavana Kale,ECE,A,9:15 AM - 10:30 AM,10:30 AM - 11:00 AM,11:00 AM - 11:45 AM,ece
749,1RV26ECE028,Anirudh Soni,ECE,A,9:15 AM - 10:30 AM,10:30 AM - 11:00 AM,11:00 AM - 11:45 AM,ece
750,1RV26ECE029,Shashank Kale,ECE,B,9:15 AM - 10:30 AM,,,civil
751,1RV26ECE030,Siddharth Gowda,ECE,A,9:15 AM - 10:30 AM,10:30 AM - 11:00 AM,11:00 AM - 11:45 AM,ece
752,1RV26ECE031,Aditi Soni,ECE,A,9:15 AM - 10:30 AM,10:30 AM - 11:00 AM,11:00 AM - 11:45 AM,ece
753,1RV26ECE032,Lakshmi Chauhan,ECE,B,9:15 AM - 10:30 AM,,,civil
754,1RV26ECE033,Anirudh Pandey,ECE,B,9:15 AM - 10:30 AM,,,civil
755,1RV26ECE034,Kunal Kumar,ECE,B,9:15 AM - 10:30 AM,,,civil
756,1RV26ECE035,Pooja Hegde,ECE,A,9:15 AM - 10:30 AM,10:30 AM - 11:00 AM,11:00 AM - 11:45 AM,ece
757,1RV26ECE036,Sanjana Jain,ECE,B,9:15 AM - 10:30 AM,,,civil
758,1RV26ECE037,Anjali Verma,ECE,B,9:15 AM - 10:30 AM,,,civil
759,1RV26ECE038,Divya Yadav,ECE,B,9:15 AM - 10:30 AM,,,civil
760,1RV26ECE039,Sneha Shetty,ECE,A,9:15 AM - 10:30 AM,10:30 AM - 11:00 AM,11:00 AM - 11:45 AM,ete
761,1RV26ECE040,Ishan Naik,ECE,B,9:15 AM - 10:30 AM,,,civil
762,1RV26ECE041,Varun Kumar,ECE,B,9:15 AM - 10:30 AM,,,civil
763,1RV26ECE042,Lakshmi Mehta,ECE,B,9:15 AM - 10:30 AM,,,civil
764,1RV26ECE043,Sneha Patil,ECE,B,9:15 AM - 10:30 AM,,,civil
765,1RV26ECE044,Manya Das,ECE,A,9:15 AM - 10:30 AM,10:30 AM - 11:00 AM,11:00 AM - 11:45 AM,ete
766,1RV26ECE045,Lakshmi Jain,ECE,B,9:15 AM - 10:30 AM,,,chemical
767,1RV26ECE046,Aman Mishra,ECE,A,9:15 AM - 10:30 AM,10:30 AM - 11:00 AM,11:00 AM - 11:45 AM,ece
768,1RV26ECE047,Harsh Verma,ECE,A,9:15 AM - 10:30 AM,10:30 AM - 11:00 AM,11:00 AM - 11:45 AM,ece
769,1RV26ECE048,Dhruv Iyer,ECE,A,9:15 AM - 10:30 AM,10:30 AM - 11:00 AM,11:00 AM - 11:45 AM,ete
770,1RV26ECE049,Nandini Sharma,ECE,A,9:15 AM - 10:30 AM,10:30 AM - 11:00 AM,11:00 AM - 11:45 AM,ete
771,1RV26ECE050,Vihaan Kulkarni,ECE,B,9:15 AM - 10:30 AM,,,civil
772,1RV26ECE051,Shashank Yadav,ECE,A,9:15 AM - 10:30 AM,10:30 AM - 11:00 AM,11:00 AM - 11:45 AM,ete
773,1RV26ECE052,Siddharth Kale,ECE,B,9:15 AM - 10:30 AM,,,chemical
774,1RV26ECE053,Vivek Pandey,ECE,A,9:15 AM - 10:30 AM,10:30 AM - 11:00 AM,11:00 AM - 11:45 AM,ete
775,1RV26ECE054,Rishi Sharma,ECE,B,9:15 AM - 10:30 AM,,,chemical
776,1RV26ECE055,Rachana Verma,ECE,A,9:15 AM - 10:30 AM,10:30 AM - 11:00 AM,11:00 AM - 11:45 AM,ete
777,1RV26ECE056,Aarav Gupta,ECE,B,9:15 AM - 10:30 AM,,,chemical
778,1RV26ECE057,Charvi Kapoor,ECE,A,9:15 AM - 10:30 AM,10:30 AM - 11:00 AM,11:00 AM - 11:45 AM,ete
779,1RV26ECE058,Ritika Soni,ECE,B,9:15 AM - 10:30 AM,,,chemical
780,1RV26ECE059,Harini Desai,ECE,B,9:15 AM - 10:30 AM,,,chemical
781,1RV26ECE060,Aarav Rao,ECE,A,9:15 AM - 10:30 AM,10:30 AM - 11:00 AM,11:00 AM - 11:45 AM,ete
782,1RV26ECE061,Charvi Nair,ECE,A,9:15 AM - 10:30 AM,10:30 AM - 11:00 AM,11:00 AM - 11:45 AM,ete
783,1RV26ECE062,Ishan Mehta,ECE,A,9:15 AM - 10:30 AM,10:30 AM - 11:00 AM,11:00 AM - 11:45 AM,ete
784,1RV26ECE063,Nikhil Mehta,ECE,A,9:15 AM - 10:30 AM,10:30 AM - 11:00 AM,11:00 AM - 11:45 AM,ete
785,1RV26ECE064,Pranav Desai,ECE,A,9:15 AM - 10:30 AM,10:30 AM - 11:00 AM,11:00 AM - 11:45 AM,ete
786,1RV26ECE065,Sneha Pawar,ECE,B,9:15 AM - 10:30 AM,,,chemical
787,1RV26ECE066,Siddharth Joshi,ECE,A,9:15 AM - 10:30 AM,10:30 AM - 11:00 AM,11:00 AM - 11:45 AM,ise
788,1RV26ECE067,Nikhil Kumar,ECE,A,9:15 AM - 10:30 AM,10:30 AM - 11:00 AM,11:00 AM - 11:45 AM,ise
789,1RV26ECE068,Aditi Pandey,ECE,A,9:15 AM - 10:30 AM,10:30 AM - 11:00 AM,11:00 AM - 11:45 AM,ete
790,1RV26ECE069,Siddharth Mishra,ECE,A,9:15 AM - 10:30 AM,10:30 AM - 11:00 AM,11:00 AM - 11:45 AM,ise
791,1RV26ECE070,Yash Bhat,ECE,A,9:15 AM - 10:30 AM,10:30 AM - 11:00 AM,11:00 AM - 11:45 AM,ise
792,1RV26ECE071,Lakshmi Kumar,ECE,B,9:15 AM - 10:30 AM,,,chemical
793,1RV26ECE072,Tejas Yadav,ECE,B,9:15 AM - 10:30 AM,,,chemical
794,1RV26ECE073,Nisha Chauhan,ECE,A,9:15 AM - 10:30 AM,10:30 AM - 11:00 AM,11:00 AM - 11:45 AM,ise
795,1RV26ECE074,Riya Soni,ECE,B,9:15 AM - 10:30 AM,,,chemical
796,1RV26ECE075,Rachana Iyer,ECE,A,9:15 AM - 10:30 AM,10:30 AM - 11:00 AM,11:00 AM - 11:45 AM,ise
797,1RV26ECE076,Bhavana Kapoor,ECE,B,9:15 AM - 10:30 AM,,,chemical
798,1RV26ECE077,Karthik Desai,ECE,A,9:15 AM - 10:30 AM,10:30 AM - 11:00 AM,11:00 AM - 11:45 AM,ise
799,1RV26ECE078,Ritika Yadav,ECE,A,9:15 AM - 10:30 AM,10:30 AM - 11:00 AM,11:00 AM - 11:45 AM,ise
800,1RV26ECE079,Ananya Joshi,ECE,B,9:15 AM - 10:30 AM,,,mca
801,1RV26ECE080,Naveen Mehta,ECE,A,9:15 AM - 10:30 AM,10:30 AM - 11:00 AM,11:00 AM - 11:45 AM,ise
802,1RV26ECE081,Shruti Joshi,ECE,B,9:15 AM - 10:30 AM,,,mca
803,1RV26ECE082,Nisha Gupta,ECE,B,9:15 AM - 10:30 AM,,,mca
804,1RV26ECE083,Shruti Jain,ECE,A,9:15 AM - 10:30 AM,10:30 AM - 11:00 AM,11:00 AM - 11:45 AM,ise
805,1RV26ECE084,Priya Pandey,ECE,A,9:15 AM - 10:30 AM,10:30 AM - 11:00 AM,11:00 AM - 11:45 AM,ise
806,1RV26ECE085,Harsh Naik,ECE,B,9:15 AM - 10:30 AM,,,chemical
807,1RV26ECE086,Krishna Sharma,ECE,B,9:15 AM - 10:30 AM,,,chemical
808,1RV26ECE087,Bhavana Pawar,ECE,B,9:15 AM - 10:30 AM,,,mca
809,1RV26ECE088,Aarohi Pawar,ECE,B,9:15 AM - 10:30 AM,,,mca
810,1RV26ECE089,Anjali Mehta,ECE,A,9:15 AM - 10:30 AM,10:30 AM - 11:00 AM,11:00 AM - 11:45 AM,ise
811,1RV26ECE090,Vaishnavi Naik,ECE,B,9:15 AM - 10:30 AM,,,mca
812,1RV26ECE091,Aman Pandey,ECE,B,9:15 AM - 10:30 AM,,,mca
813,1RV26ECE092,Ishita Mishra,ECE,A,9:15 AM - 10:30 AM,10:30 AM - 11:00 AM,11:00 AM - 11:45 AM,ise
814,1RV26ECE093,Siddharth Das,ECE,B,9:15 AM - 10:30 AM,,,mca
815,1RV26ECE094,Krishna Desai,ECE,B,9:15 AM - 10:30 AM,,,mca
816,1RV26ECE095,Sneha Das,ECE,B,9:15 AM - 10:30 AM,,,bt
817,1RV26ECE096,Sneha Chauhan,ECE,B,9:15 AM - 10:30 AM,,,bt
818,1RV26ECE097,Kunal Singh,ECE,B,9:15 AM - 10:30 AM,,,mca
819,1RV26ECE098,Naveen Patil,ECE,A,9:15 AM - 10:30 AM,10:30 AM - 11:00 AM,11:00 AM - 11:45 AM,ise
820,1RV26ECE099,Lakshmi Iyer,ECE,A,9:15 AM - 10:30 AM,10:30 AM - 11:00 AM,11:00 AM - 11:45 AM,classroom 1
821,1RV26ECE100,Manya Mishra,ECE,B,9:15 AM - 10:30 AM,,,bt
822,1RV26ECE101,Krishna Soni,ECE,A,9:15 AM - 10:30 AM,10:30 AM - 11:00 AM,11:00 AM - 11:45 AM,classroom 1
823,1RV26ECE102,Siddharth Menon,ECE,B,9:15 AM - 10:30 AM,,,mca
824,1RV26ECE103,Ishan Gupta,ECE,B,9:15 AM - 10:30 AM,,,mca
825,1RV26ECE104,Aarohi Desai,ECE,B,9:15 AM - 10:30 AM,,,bt
826,1RV26ECE105,Diya Kale,ECE,A,9:15 AM - 10:30 AM,10:30 AM - 11:00 AM,11:00 AM - 11:45 AM,classroom 1
827,1RV26ECE106,Aditya Kale,ECE,A,9:15 AM - 10:30 AM,10:30 AM - 11:00 AM,11:00 AM - 11:45 AM,classroom 1
828,1RV26ECE107,Vishal Pandey,ECE,B,9:15 AM - 10:30 AM,,,bt
829,1RV26ECE108,Nikhil Kapoor,ECE,B,9:15 AM - 10:30 AM,,,bt
830,1RV26ECE109,Nikhil Patil,ECE,A,9:15 AM - 10:30 AM,10:30 AM - 11:00 AM,11:00 AM - 11:45 AM,classroom 1
831,1RV26ECE110,Nikhil Pandey,ECE,A,9:15 AM - 10:30 AM,10:30 AM - 11:00 AM,11:00 AM - 11:45 AM,classroom 1
832,1RV26ECE111,Diya Shetty,ECE,B,9:15 AM - 10:30 AM,,,bt
833,1RV26ECE112,Varun Patil,ECE,B,9:15 AM - 10:30 AM,,,bt
834,1RV26ECE113,Vishal Kale,ECE,B,9:15 AM - 10:30 AM,,,bt
835,1RV26ECE114,Shashank Soni,ECE,B,9:15 AM - 10:30 AM,,,bt
836,1RV26ECE115,Tejas Patil,ECE,B,9:15 AM - 10:30 AM,,,bt
837,1RV26ECE116,Anirudh Mehta,ECE,B,9:15 AM - 10:30 AM,,,bt
838,1RV26ECE117,Rishi Singh,ECE,A,9:15 AM - 10:30 AM,10:30 AM - 11:00 AM,11:00 AM - 11:45 AM,classroom 1
839,1RV26ECE118,Ishita Shetty,ECE,B,9:15 AM - 10:30 AM,,,bt
840,1RV26ECE119,Pooja Kumar,ECE,A,9:15 AM - 10:30 AM,10:30 AM - 11:00 AM,11:00 AM - 11:45 AM,classroom 1
841,1RV26ECE120,Harini Joshi,ECE,B,9:15 AM - 10:30 AM,,,bt
842,1RV26ECE121,Ritvik Yadav,ECE,B,9:15 AM - 10:30 AM,,,classroom 3
843,1RV26ECE122,Vaishnavi Gupta,ECE,A,9:15 AM - 10:30 AM,10:30 AM - 11:00 AM,11:00 AM - 11:45 AM,classroom 1
844,1RV26ECE123,Naveen Patil,ECE,B,9:15 AM - 10:30 AM,,,classroom 3
845,1RV26ECE124,Ritika Mishra,ECE,A,9:15 AM - 10:30 AM,10:30 AM - 11:00 AM,11:00 AM - 11:45 AM,classroom 1
846,1RV26ECE125,Meera Patil,ECE,B,9:15 AM - 10:30 AM,,,classroom 3
847,1RV26ECE126,Divya Kale,ECE,B,9:15 AM - 10:30 AM,,,classroom 3
848,1RV26ECE127,Madhav Das,ECE,A,9:15 AM - 10:30 AM,10:30 AM - 11:00 AM,11:00 AM - 11:45 AM,classroom 2
849,1RV26ECE128,Diya Singh,ECE,B,9:15 AM - 10:30 AM,,,classroom 3
850,1RV26ECE129,Charvi Yadav,ECE,B,9:15 AM - 10:30 AM,,,classroom 3
851,1RV26ECE130,Anika Kulkarni,ECE,A,9:15 AM - 10:30 AM,10:30 AM - 11:00 AM,11:00 AM - 11:45 AM,classroom 2
852,1RV26ECE131,Rahul Gupta,ECE,A,9:15 AM - 10:30 AM,10:30 AM - 11:00 AM,11:00 AM - 11:45 AM,classroom 2
853,1RV26ECE132,Sneha Jain,ECE,A,9:15 AM - 10:30 AM,10:30 AM - 11:00 AM,11:00 AM - 11:45 AM,classroom 2
854,1RV26ECE133,Charvi Rao,ECE,A,9:15 AM - 10:30 AM,10:30 AM - 11:00 AM,11:00 AM - 11:45 AM,classroom 2
855,1RV26ECE134,Rishi Singh,ECE,A,9:15 AM - 10:30 AM,10:30 AM - 11:00 AM,11:00 AM - 11:45 AM,classroom 2
856,1RV26ECE135,Sanjana Jain,ECE,A,9:15 AM - 10:30 AM,10:30 AM - 11:00 AM,11:00 AM - 11:45 AM,classroom 2
857,1RV26ECE136,Arjun Menon,ECE,A,9:15 AM - 10:30 AM,10:30 AM - 11:00 AM,11:00 AM - 11:45 AM,classroom 2
858,1RV26ECE137,Dev Singh,ECE,B,9:15 AM - 10:30 AM,,,classroom 3
859,1RV26ECE138,Madhav Hegde,ECE,B,9:15 AM - 10:30 AM,,,classroom 3
860,1RV26EEE001,Pooja Gowda,EEE,B,9:15 AM - 10:30 AM,,,civil
861,1RV26EEE002,Anirudh Jain,EEE,B,9:15 AM - 10:30 AM,,,civil
862,1RV26EEE003,Arjun Pawar,EEE,A,9:15 AM - 10:30 AM,10:30 AM - 11:00 AM,11:00 AM - 11:45 AM,ece
863,1RV26EEE004,Aarohi Nair,EEE,B,9:15 AM - 10:30 AM,,,civil
864,1RV26EEE005,Varun Kulkarni,EEE,B,9:15 AM - 10:30 AM,,,civil
865,1RV26EEE006,Rahul Kale,EEE,A,9:15 AM - 10:30 AM,10:30 AM - 11:00 AM,11:00 AM - 11:45 AM,ece
866,1RV26EEE007,Yash Kumar,EEE,B,9:15 AM - 10:30 AM,,,chemical
867,1RV26EEE008,Sneha Menon,EEE,A,9:15 AM - 10:30 AM,10:30 AM - 11:00 AM,11:00 AM - 11:45 AM,ece
868,1RV26EEE009,Harini Kumar,EEE,B,9:15 AM - 10:30 AM,,,chemical
869,1RV26EEE010,Sanjana Sharma,EEE,A,9:15 AM - 10:30 AM,10:30 AM - 11:00 AM,11:00 AM - 11:45 AM,ece
870,1RV26EEE011,Kunal Patil,EEE,A,9:15 AM - 10:30 AM,10:30 AM - 11:00 AM,11:00 AM - 11:45 AM,ete
871,1RV26EEE012,Rishi Iyer,EEE,B,9:15 AM - 10:30 AM,,,mca
872,1RV26EEE013,Aarohi Mehta,EEE,B,9:15 AM - 10:30 AM,,,mca
873,1RV26EEE014,Neha Mehta,EEE,A,9:15 AM - 10:30 AM,10:30 AM - 11:00 AM,11:00 AM - 11:45 AM,ete
874,1RV26EEE015,Manya Nair,EEE,A,9:15 AM - 10:30 AM,10:30 AM - 11:00 AM,11:00 AM - 11:45 AM,ise
875,1RV26EEE016,Vihaan Soni,EEE,A,9:15 AM - 10:30 AM,10:30 AM - 11:00 AM,11:00 AM - 11:45 AM,ise
876,1RV26EEE017,Anirudh Reddy,EEE,A,9:15 AM - 10:30 AM,10:30 AM - 11:00 AM,11:00 AM - 11:45 AM,classroom 1
877,1RV26EEE018,Ritvik Gupta,EEE,B,9:15 AM - 10:30 AM,,,bt
878,1RV26EEE019,Madhav Naik,EEE,A,9:15 AM - 10:30 AM,10:30 AM - 11:00 AM,11:00 AM - 11:45 AM,classroom 2
879,1RV26EEE020,Dhruv Soni,EEE,B,9:15 AM - 10:30 AM,,,classroom 3
880,1RV26EEE021,Lakshmi Mehta,EEE,A,9:15 AM - 10:30 AM,10:30 AM - 11:00 AM,11:00 AM - 11:45 AM,classroom 1
881,1RV26EEE022,Divya Iyer,EEE,B,9:15 AM - 10:30 AM,,,bt
882,1RV26EEE023,Sahana Gupta,EEE,A,9:15 AM - 10:30 AM,10:30 AM - 11:00 AM,11:00 AM - 11:45 AM,classroom 2
883,1RV26ETE001,Charvi Shetty,ETE,A,9:15 AM - 10:30 AM,10:30 AM - 11:00 AM,11:00 AM - 11:45 AM,ece
884,1RV26ETE002,Manya Rao,ETE,A,9:15 AM - 10:30 AM,10:30 AM - 11:00 AM,11:00 AM - 11:45 AM,ece
885,1RV26ETE003,Ishan Mishra,ETE,A,9:15 AM - 10:30 AM,10:30 AM - 11:00 AM,11:00 AM - 11:45 AM,ece
886,1RV26ETE004,Karthik Gowda,ETE,A,9:15 AM - 10:30 AM,10:30 AM - 11:00 AM,11:00 AM - 11:45 AM,ece
887,1RV26ETE005,Tejas Yadav,ETE,A,9:15 AM - 10:30 AM,10:30 AM - 11:00 AM,11:00 AM - 11:45 AM,ete
888,1RV26ETE006,Rachana Joshi,ETE,B,9:15 AM - 10:30 AM,,,civil
889,1RV26ETE007,Aditi Naik,ETE,B,9:15 AM - 10:30 AM,,,civil
890,1RV26ETE008,Diya Sharma,ETE,B,9:15 AM - 10:30 AM,,,chemical
891,1RV26ETE009,Aarav Jain,ETE,B,9:15 AM - 10:30 AM,,,civil
892,1RV26ETE010,Aryan Jain,ETE,A,9:15 AM - 10:30 AM,10:30 AM - 11:00 AM,11:00 AM - 11:45 AM,ise
893,1RV26ETE011,Ritika Mishra,ETE,B,9:15 AM - 10:30 AM,,,mca
894,1RV26ETE012,Harini Das,ETE,A,9:15 AM - 10:30 AM,10:30 AM - 11:00 AM,11:00 AM - 11:45 AM,ete
895,1RV26ETE013,Kavya Gowda,ETE,A,9:15 AM - 10:30 AM,10:30 AM - 11:00 AM,11:00 AM - 11:45 AM,ise
896,1RV26ETE014,Varun Kulkarni,ETE,B,9:15 AM - 10:30 AM,,,civil
897,1RV26ETE015,Aditi Yadav,ETE,B,9:15 AM - 10:30 AM,,,bt
898,1RV26ETE016,Lakshmi Verma,ETE,A,9:15 AM - 10:30 AM,10:30 AM - 11:00 AM,11:00 AM - 11:45 AM,ise
899,1RV26ETE017,Aditya Soni,ETE,B,9:15 AM - 10:30 AM,,,chemical
900,1RV26ETE018,Pranav Gupta,ETE,A,9:15 AM - 10:30 AM,10:30 AM - 11:00 AM,11:00 AM - 11:45 AM,ise
901,1RV26ETE019,Nikhil Mehta,ETE,B,9:15 AM - 10:30 AM,,,mca
902,1RV26ETE020,Harini Naik,ETE,A,9:15 AM - 10:30 AM,10:30 AM - 11:00 AM,11:00 AM - 11:45 AM,classroom 1
903,1RV26ETE021,Rahul Naik,ETE,B,9:15 AM - 10:30 AM,,,bt
904,1RV26ETE022,Divya Pawar,ETE,A,9:15 AM - 10:30 AM,10:30 AM - 11:00 AM,11:00 AM - 11:45 AM,classroom 2
905,1RV26ETE023,Anirudh Reddy,ETE,B,9:15 AM - 10:30 AM,,,bt
906,1RV26ETE024,Dev Gupta,ETE,A,9:15 AM - 10:30 AM,10:30 AM - 11:00 AM,11:00 AM - 11:45 AM,classroom 1
907,1RV26ETE025,Aryan Soni,ETE,B,9:15 AM - 10:30 AM,,,classroom 3
908,1RV26ETE026,Anjali Iyer,ETE,B,9:15 AM - 10:30 AM,,,bt
909,1RV26ETE027,Bhavana Pandey,ETE,B,9:15 AM - 10:30 AM,,,classroom 3
910,1RV26ETE028,Siddharth Menon,ETE,A,9:15 AM - 10:30 AM,10:30 AM - 11:00 AM,11:00 AM - 11:45 AM,classroom 2
911,1RV26IEM001,Ritika Kale,IEM,A,9:15 AM - 10:30 AM,10:30 AM - 11:00 AM,11:00 AM - 11:45 AM,ece
912,1RV26IEM002,Kavya Yadav,IEM,A,9:15 AM - 10:30 AM,10:30 AM - 11:00 AM,11:00 AM - 11:45 AM,ece
913,1RV26IEM003,Arjun Das,IEM,B,9:15 AM - 10:30 AM,,,civil
914,1RV26IEM004,Pranav Gowda,IEM,B,9:15 AM - 10:30 AM,,,civil
915,1RV26IEM005,Vishal Bhat,IEM,A,9:15 AM - 10:30 AM,10:30 AM - 11:00 AM,11:00 AM - 11:45 AM,ece
916,1RV26IEM006,Vishal Pawar,IEM,A,9:15 AM - 10:30 AM,10:30 AM - 11:00 AM,11:00 AM - 11:45 AM,ece
917,1RV26IEM007,Aditi Gupta,IEM,A,9:15 AM - 10:30 AM,10:30 AM - 11:00 AM,11:00 AM - 11:45 AM,ece
918,1RV26IEM008,Harini Mehta,IEM,B,9:15 AM - 10:30 AM,,,civil
919,1RV26IEM009,Anirudh Pandey,IEM,B,9:15 AM - 10:30 AM,,,civil
920,1RV26IEM010,Pranav Singh,IEM,A,9:15 AM - 10:30 AM,10:30 AM - 11:00 AM,11:00 AM - 11:45 AM,ece
921,1RV26IEM011,Aryan Kulkarni,IEM,A,9:15 AM - 10:30 AM,10:30 AM - 11:00 AM,11:00 AM - 11:45 AM,ete
922,1RV26IEM012,Pooja Kumar,IEM,B,9:15 AM - 10:30 AM,,,civil
923,1RV26IEM013,Diya Kapoor,IEM,A,9:15 AM - 10:30 AM,10:30 AM - 11:00 AM,11:00 AM - 11:45 AM,ece
924,1RV26IEM014,Sahana Mehta,IEM,B,9:15 AM - 10:30 AM,,,civil
925,1RV26IEM015,Aman Sharma,IEM,B,9:15 AM - 10:30 AM,,,chemical
926,1RV26IEM016,Aditi Patil,IEM,B,9:15 AM - 10:30 AM,,,chemical
927,1RV26IEM017,Dhruv Chauhan,IEM,A,9:15 AM - 10:30 AM,10:30 AM - 11:00 AM,11:00 AM - 11:45 AM,ete
928,1RV26IEM018,Harini Chauhan,IEM,A,9:15 AM - 10:30 AM,10:30 AM - 11:00 AM,11:00 AM - 11:45 AM,ete
929,1RV26IEM019,Shruti Bhat,IEM,A,9:15 AM - 10:30 AM,10:30 AM - 11:00 AM,11:00 AM - 11:45 AM,ete
930,1RV26IEM020,Meera Kale,IEM,A,9:15 AM - 10:30 AM,10:30 AM - 11:00 AM,11:00 AM - 11:45 AM,ise
931,1RV26IEM021,Yash Nair,IEM,B,9:15 AM - 10:30 AM,,,chemical
932,1RV26IEM022,Arjun Kale,IEM,B,9:15 AM - 10:30 AM,,,mca
933,1RV26IEM023,Arjun Sharma,IEM,B,9:15 AM - 10:30 AM,,,mca
934,1RV26IEM024,Pranav Patil,IEM,B,9:15 AM - 10:30 AM,,,bt
935,1RV26IEM025,Arjun Das,IEM,A,9:15 AM - 10:30 AM,10:30 AM - 11:00 AM,11:00 AM - 11:45 AM,ise
936,1RV26IEM026,Priya Mishra,IEM,B,9:15 AM - 10:30 AM,,,chemical
937,1RV26IEM027,Anirudh Verma,IEM,A,9:15 AM - 10:30 AM,10:30 AM - 11:00 AM,11:00 AM - 11:45 AM,ise
938,1RV26IEM028,Ishita Bhat,IEM,A,9:15 AM - 10:30 AM,10:30 AM - 11:00 AM,11:00 AM - 11:45 AM,ise
939,1RV26IEM029,Ishita Sharma,IEM,B,9:15 AM - 10:30 AM,,,mca
940,1RV26IEM030,Ishita Nair,IEM,A,9:15 AM - 10:30 AM,10:30 AM - 11:00 AM,11:00 AM - 11:45 AM,classroom 1
941,1RV26IEM031,Ritika Rao,IEM,A,9:15 AM - 10:30 AM,10:30 AM - 11:00 AM,11:00 AM - 11:45 AM,classroom 2
942,1RV26IEM032,Pranav Joshi,IEM,B,9:15 AM - 10:30 AM,,,bt
943,1RV26IEM033,Riya Shetty,IEM,B,9:15 AM - 10:30 AM,,,mca
944,1RV26IEM034,Aman Das,IEM,A,9:15 AM - 10:30 AM,10:30 AM - 11:00 AM,11:00 AM - 11:45 AM,classroom 1
945,1RV26IEM035,Shruti Shetty,IEM,B,9:15 AM - 10:30 AM,,,bt
946,1RV26IEM036,Dev Das,IEM,A,9:15 AM - 10:30 AM,10:30 AM - 11:00 AM,11:00 AM - 11:45 AM,classroom 2
947,1RV26IEM037,Ishan Pawar,IEM,B,9:15 AM - 10:30 AM,,,classroom 3
948,1RV26IEM038,Anirudh Singh,IEM,A,9:15 AM - 10:30 AM,10:30 AM - 11:00 AM,11:00 AM - 11:45 AM,classroom 2
949,1RV26IEM039,Vaishnavi Rao,IEM,B,9:15 AM - 10:30 AM,,,classroom 3
950,1RV26ME001,Ritika Rao,ME,A,9:15 AM - 10:30 AM,10:30 AM - 11:00 AM,11:00 AM - 11:45 AM,ece
951,1RV26ME002,Ishan Nair,ME,B,9:15 AM - 10:30 AM,,,civil
952,1RV26ME003,Kavya Hegde,ME,A,9:15 AM - 10:30 AM,10:30 AM - 11:00 AM,11:00 AM - 11:45 AM,ece
953,1RV26ME004,Pragya Bhat,ME,A,9:15 AM - 10:30 AM,10:30 AM - 11:00 AM,11:00 AM - 11:45 AM,ece
954,1RV26ME005,Kunal Mishra,ME,A,9:15 AM - 10:30 AM,10:30 AM - 11:00 AM,11:00 AM - 11:45 AM,ece
955,1RV26ME006,Neha Sharma,ME,A,9:15 AM - 10:30 AM,10:30 AM - 11:00 AM,11:00 AM - 11:45 AM,ece
956,1RV26ME007,Neha Pawar,ME,B,9:15 AM - 10:30 AM,,,civil
957,1RV26ME008,Harini Desai,ME,B,9:15 AM - 10:30 AM,,,civil
958,1RV26ME009,Rahul Pandey,ME,A,9:15 AM - 10:30 AM,10:30 AM - 11:00 AM,11:00 AM - 11:45 AM,ece
959,1RV26ME010,Karthik Naik,ME,B,9:15 AM - 10:30 AM,,,civil
960,1RV26ME011,Aman Nair,ME,A,9:15 AM - 10:30 AM,10:30 AM - 11:00 AM,11:00 AM - 11:45 AM,ece
961,1RV26ME012,Aryan Hegde,ME,B,9:15 AM - 10:30 AM,,,civil
962,1RV26ME013,Rishi Gupta,ME,B,9:15 AM - 10:30 AM,,,civil
963,1RV26ME014,Harini Singh,ME,B,9:15 AM - 10:30 AM,,,civil
964,1RV26ME015,Harini Menon,ME,A,9:15 AM - 10:30 AM,10:30 AM - 11:00 AM,11:00 AM - 11:45 AM,ete
965,1RV26ME016,Nisha Reddy,ME,A,9:15 AM - 10:30 AM,10:30 AM - 11:00 AM,11:00 AM - 11:45 AM,ete
966,1RV26ME017,Ananya Kumar,ME,A,9:15 AM - 10:30 AM,10:30 AM - 11:00 AM,11:00 AM - 11:45 AM,ete
967,1RV26ME018,Charvi Chauhan,ME,A,9:15 AM - 10:30 AM,10:30 AM - 11:00 AM,11:00 AM - 11:45 AM,ise
968,1RV26ME019,Neha Kumar,ME,B,9:15 AM - 10:30 AM,,,civil
969,1RV26ME020,Aarav Kumar,ME,B,9:15 AM - 10:30 AM,,,civil
970,1RV26ME021,Ritvik Das,ME,B,9:15 AM - 10:30 AM,,,chemical
971,1RV26ME022,Aditya Chauhan,ME,A,9:15 AM - 10:30 AM,10:30 AM - 11:00 AM,11:00 AM - 11:45 AM,ece
972,1RV26ME023,Charvi Gowda,ME,B,9:15 AM - 10:30 AM,,,chemical
973,1RV26ME024,Priya Bhat,ME,B,9:15 AM - 10:30 AM,,,chemical
974,1RV26ME025,Meera Nair,ME,B,9:15 AM - 10:30 AM,,,chemical
975,1RV26ME026,Dhruv Desai,ME,A,9:15 AM - 10:30 AM,10:30 AM - 11:00 AM,11:00 AM - 11:45 AM,ece
976,1RV26ME027,Krishna Nair,ME,A,9:15 AM - 10:30 AM,10:30 AM - 11:00 AM,11:00 AM - 11:45 AM,ete
977,1RV26ME028,Siddharth Jain,ME,B,9:15 AM - 10:30 AM,,,chemical
978,1RV26ME029,Ritvik Jain,ME,B,9:15 AM - 10:30 AM,,,chemical
979,1RV26ME030,Dhruv Soni,ME,B,9:15 AM - 10:30 AM,,,mca
980,1RV26ME031,Kunal Naik,ME,A,9:15 AM - 10:30 AM,10:30 AM - 11:00 AM,11:00 AM - 11:45 AM,ete
981,1RV26ME032,Anirudh Kapoor,ME,A,9:15 AM - 10:30 AM,10:30 AM - 11:00 AM,11:00 AM - 11:45 AM,ete
982,1RV26ME033,Rishi Kale,ME,A,9:15 AM - 10:30 AM,10:30 AM - 11:00 AM,11:00 AM - 11:45 AM,ise
983,1RV26ME034,Ananya Jain,ME,A,9:15 AM - 10:30 AM,10:30 AM - 11:00 AM,11:00 AM - 11:45 AM,ise
984,1RV26ME035,Vaishnavi Rao,ME,A,9:15 AM - 10:30 AM,10:30 AM - 11:00 AM,11:00 AM - 11:45 AM,ise
985,1RV26ME036,Anika Kapoor,ME,B,9:15 AM - 10:30 AM,,,mca
986,1RV26ME037,Ishita Naik,ME,B,9:15 AM - 10:30 AM,,,mca
987,1RV26ME038,Dhruv Pandey,ME,A,9:15 AM - 10:30 AM,10:30 AM - 11:00 AM,11:00 AM - 11:45 AM,ise
988,1RV26ME039,Harsh Naik,ME,B,9:15 AM - 10:30 AM,,,mca
989,1RV26ME040,Rishi Mishra,ME,A,9:15 AM - 10:30 AM,10:30 AM - 11:00 AM,11:00 AM - 11:45 AM,ise
990,1RV26ME041,Varun Pandey,ME,B,9:15 AM - 10:30 AM,,,bt
991,1RV26ME042,Tanvi Shetty,ME,B,9:15 AM - 10:30 AM,,,bt
992,1RV26ME043,Bhavana Kulkarni,ME,B,9:15 AM - 10:30 AM,,,bt
993,1RV26ME044,Aditya Kapoor,ME,A,9:15 AM - 10:30 AM,10:30 AM - 11:00 AM,11:00 AM - 11:45 AM,classroom 1
994,1RV26ME045,Rachana Chauhan,ME,A,9:15 AM - 10:30 AM,10:30 AM - 11:00 AM,11:00 AM - 11:45 AM,classroom 1
995,1RV26ME046,Vaishnavi Yadav,ME,A,9:15 AM - 10:30 AM,10:30 AM - 11:00 AM,11:00 AM - 11:45 AM,classroom 1
996,1RV26ME047,Rahul Singh,ME,A,9:15 AM - 10:30 AM,10:30 AM - 11:00 AM,11:00 AM - 11:45 AM,classroom 1
997,1RV26ME048,Pooja Das,ME,B,9:15 AM - 10:30 AM,,,bt
998,1RV26ME049,Neha Desai,ME,B,9:15 AM - 10:30 AM,,,classroom 3
999,1RV26ME050,Harsh Nair,ME,B,9:15 AM - 10:30 AM,,,bt
1000,1RV26ME051,Nandini Sharma,ME,A,9:15 AM - 10:30 AM,10:30 AM - 11:00 AM,11:00 AM - 11:45 AM,classroom 2
1001,1RV26ME052,Sanjana Sharma,ME,B,9:15 AM - 10:30 AM,,,classroom 3
1002,1RV26ME053,Ritvik Das,ME,A,9:15 AM - 10:30 AM,10:30 AM - 11:00 AM,11:00 AM - 11:45 AM,classroom 2
1003,1RV26ME054,Vishal Hegde,ME,B,9:15 AM - 10:30 AM,,,classroom 3
1004,1RV26ME055,Dhruv Kale,ME,A,9:15 AM - 10:30 AM,10:30 AM - 11:00 AM,11:00 AM - 11:45 AM,classroom 2
1005,1RV26ME056,Ritvik Rao,ME,B,9:15 AM - 10:30 AM,,,classroom 3
1006,1RV26ME057,Rachana Kumar,ME,A,9:15 AM - 10:30 AM,10:30 AM - 11:00 AM,11:00 AM - 11:45 AM,classroom 2